start,end,hours,variable
2009-01-05 19:00:00+07:00,2009-01-06 06:00:00+07:00,12,RH2M
2012-01-18 19:00:00+07:00,2012-01-19 06:00:00+07:00,12,RH2M
2012-12-13 19:00:00+07:00,2012-12-14 06:00:00+07:00,12,RH2M
2012-12-20 19:00:00+07:00,2012-12-21 06:00:00+07:00,12,RH2M
2013-01-19 19:00:00+07:00,2013-01-20 06:00:00+07:00,12,RH2M
2014-01-06 19:00:00+07:00,2014-01-07 06:00:00+07:00,12,RH2M
2015-02-14 19:00:00+07:00,2015-02-15 06:00:00+07:00,12,RH2M
2020-02-06 19:00:00+07:00,2020-02-07 06:00:00+07:00,12,RH2M
2022-02-06 18:00:00+07:00,2022-02-07 05:00:00+07:00,12,RH2M
