date,variable,level_shift,limit
2002-11-29 00:00:00+07:00,T2M,10.5125,10.07
2002-11-30 00:00:00+07:00,T2M,10.9675,10.07
2002-12-01 00:00:00+07:00,T2M,11.462499999999999,10.07
2002-12-02 00:00:00+07:00,T2M,10.982500000000002,10.07
2002-12-08 00:00:00+07:00,T2M,10.294999999999998,10.07
2002-12-23 00:00:00+07:00,T2M,10.08,10.07
2003-03-04 00:00:00+07:00,T2M,10.472500000000002,10.07
2009-02-28 00:00:00+07:00,T2M,10.25,10.07
2009-03-01 00:00:00+07:00,T2M,10.615,10.07
2009-03-02 00:00:00+07:00,T2M,10.615,10.07
2009-03-03 00:00:00+07:00,T2M,10.27,10.07
2009-11-13 00:00:00+07:00,T2M,10.455,10.07
2009-11-14 00:00:00+07:00,T2M,12.594999999999999,10.07
2009-11-15 00:00:00+07:00,T2M,13.0325,10.07
2009-11-16 00:00:00+07:00,T2M,13.0325,10.07
2010-02-13 00:00:00+07:00,T2M,11.427500000000002,10.07
2010-02-14 00:00:00+07:00,T2M,11.282499999999997,10.07
2010-02-15 00:00:00+07:00,T2M,11.162499999999998,10.07
2010-02-21 00:00:00+07:00,T2M,11.169999999999998,10.07
2010-02-22 00:00:00+07:00,T2M,11.492499999999998,10.07
2010-02-23 00:00:00+07:00,T2M,11.492499999999998,10.07
2010-02-24 00:00:00+07:00,T2M,11.492499999999998,10.07
2016-01-21 00:00:00+07:00,T2M,10.465000000000002,10.07
2016-01-22 00:00:00+07:00,T2M,10.465000000000002,10.07
2016-01-23 00:00:00+07:00,T2M,10.465000000000002,10.07
2018-01-27 00:00:00+07:00,T2M,10.08,10.07
2018-01-28 00:00:00+07:00,T2M,10.16,10.07
2018-01-29 00:00:00+07:00,T2M,12.225000000000001,10.07
2018-01-30 00:00:00+07:00,T2M,12.5775,10.07
2018-01-31 00:00:00+07:00,T2M,10.620000000000001,10.07
2018-12-06 00:00:00+07:00,T2M,10.205000000000002,10.07
2018-12-07 00:00:00+07:00,T2M,10.745000000000001,10.07
2018-12-08 00:00:00+07:00,T2M,10.8,10.07
2018-12-09 00:00:00+07:00,T2M,10.8,10.07
2018-12-10 00:00:00+07:00,T2M,10.27,10.07
2018-12-27 00:00:00+07:00,T2M,10.094999999999999,10.07
2022-01-29 00:00:00+07:00,T2M,10.704999999999998,10.07
2022-01-30 00:00:00+07:00,T2M,11.0,10.07
2022-01-31 00:00:00+07:00,T2M,10.3,10.07
2023-12-16 00:00:00+07:00,T2M,11.100000000000001,10.07
2023-12-17 00:00:00+07:00,T2M,11.335,10.07
2023-12-18 00:00:00+07:00,T2M,10.675,10.07
2023-12-19 00:00:00+07:00,T2M,10.469999999999999,10.07
2024-01-21 00:00:00+07:00,T2M,10.3,10.07
2024-01-22 00:00:00+07:00,T2M,10.3,10.07
2003-03-07 00:00:00+07:00,PS,1.2500000000000142,1.249999999999993
2003-03-08 00:00:00+07:00,PS,1.2500000000000142,1.249999999999993
2005-02-28 00:00:00+07:00,PS,1.4299999999999997,1.249999999999993
2005-03-01 00:00:00+07:00,PS,1.4299999999999997,1.249999999999993
2005-03-02 00:00:00+07:00,PS,1.4299999999999997,1.249999999999993
2007-04-01 00:00:00+07:00,PS,1.2950000000000088,1.249999999999993
2007-04-02 00:00:00+07:00,PS,1.3300000000000125,1.249999999999993
2009-11-14 00:00:00+07:00,PS,1.4600000000000009,1.249999999999993
2009-11-15 00:00:00+07:00,PS,1.5050000000000026,1.249999999999993
2009-11-16 00:00:00+07:00,PS,1.5050000000000026,1.249999999999993
2010-02-21 00:00:00+07:00,PS,1.4699999999999989,1.249999999999993
2010-02-22 00:00:00+07:00,PS,1.4699999999999989,1.249999999999993
2010-02-23 00:00:00+07:00,PS,1.4699999999999989,1.249999999999993
2011-02-04 00:00:00+07:00,PS,1.3649999999999949,1.249999999999993
2015-04-06 00:00:00+07:00,PS,1.3000000000000114,1.249999999999993
2015-04-07 00:00:00+07:00,PS,1.3699999999999974,1.249999999999993
2016-01-20 00:00:00+07:00,PS,1.2649999999999935,1.249999999999993
2016-01-21 00:00:00+07:00,PS,1.2649999999999935,1.249999999999993
2016-01-22 00:00:00+07:00,PS,1.2649999999999935,1.249999999999993
2018-01-30 00:00:00+07:00,PS,1.509999999999998,1.249999999999993
2018-01-31 00:00:00+07:00,PS,1.509999999999998,1.249999999999993
2018-02-01 00:00:00+07:00,PS,1.2749999999999986,1.249999999999993
2018-12-27 00:00:00+07:00,PS,1.3700000000000045,1.249999999999993
2018-12-28 00:00:00+07:00,PS,1.259999999999998,1.249999999999993
2018-12-29 00:00:00+07:00,PS,1.2550000000000026,1.249999999999993
2019-09-28 00:00:00+07:00,PS,1.2749999999999986,1.249999999999993
2019-09-29 00:00:00+07:00,PS,1.2749999999999986,1.249999999999993
2019-09-30 00:00:00+07:00,PS,1.2749999999999986,1.249999999999993
2019-10-01 00:00:00+07:00,PS,1.2549999999999955,1.249999999999993
2022-03-29 00:00:00+07:00,PS,1.3225000000000051,1.249999999999993
2022-04-09 00:00:00+07:00,PS,1.2749999999999915,1.249999999999993
2022-04-28 00:00:00+07:00,PS,1.2500000000000142,1.249999999999993
2022-04-29 00:00:00+07:00,PS,1.2500000000000142,1.249999999999993
2022-04-30 00:00:00+07:00,PS,1.2500000000000142,1.249999999999993
2022-05-01 00:00:00+07:00,PS,1.2500000000000142,1.249999999999993
2023-12-18 00:00:00+07:00,PS,1.3049999999999855,1.249999999999993
2025-03-22 00:00:00+07:00,PS,1.4299999999999997,1.249999999999993
2025-03-23 00:00:00+07:00,PS,1.4299999999999997,1.249999999999993
2025-03-24 00:00:00+07:00,PS,1.4299999999999997,1.249999999999993
2025-03-25 00:00:00+07:00,PS,1.4299999999999997,1.249999999999993
2025-03-29 00:00:00+07:00,PS,1.3400000000000034,1.249999999999993
2025-03-30 00:00:00+07:00,PS,1.3400000000000034,1.249999999999993
2025-03-31 00:00:00+07:00,PS,1.2650000000000077,1.249999999999993
2003-12-24 00:00:00+07:00,RH2M,24.295,21.378250000000005
2003-12-25 00:00:00+07:00,RH2M,22.410000000000004,21.378250000000005
2003-12-26 00:00:00+07:00,RH2M,22.410000000000004,21.378250000000005
2004-12-12 00:00:00+07:00,RH2M,22.99,21.378250000000005
2004-12-13 00:00:00+07:00,RH2M,22.64,21.378250000000005
2004-12-14 00:00:00+07:00,RH2M,24.515000000000008,21.378250000000005
2004-12-15 00:00:00+07:00,RH2M,24.515000000000008,21.378250000000005
2004-12-16 00:00:00+07:00,RH2M,23.215,21.378250000000005
2005-12-24 00:00:00+07:00,RH2M,22.415000000000003,21.378250000000005
2005-12-25 00:00:00+07:00,RH2M,24.64,21.378250000000005
2005-12-26 00:00:00+07:00,RH2M,22.014999999999997,21.378250000000005
2005-12-27 00:00:00+07:00,RH2M,21.439999999999994,21.378250000000005
2006-05-12 00:00:00+07:00,RH2M,23.190000000000005,21.378250000000005
2006-05-13 00:00:00+07:00,RH2M,23.190000000000005,21.378250000000005
2006-05-14 00:00:00+07:00,RH2M,23.190000000000005,21.378250000000005
2006-05-15 00:00:00+07:00,RH2M,21.805000000000007,21.378250000000005
2006-05-19 00:00:00+07:00,RH2M,24.439999999999998,21.378250000000005
2006-05-20 00:00:00+07:00,RH2M,33.635000000000005,21.378250000000005
2006-05-21 00:00:00+07:00,RH2M,35.224999999999994,21.378250000000005
2006-05-22 00:00:00+07:00,RH2M,35.224999999999994,21.378250000000005
2006-05-23 00:00:00+07:00,RH2M,29.644999999999992,21.378250000000005
2006-05-24 00:00:00+07:00,RH2M,27.699999999999996,21.378250000000005
2006-05-25 00:00:00+07:00,RH2M,25.349999999999987,21.378250000000005
2007-01-03 00:00:00+07:00,RH2M,23.095000000000002,21.378250000000005
2007-01-04 00:00:00+07:00,RH2M,23.165,21.378250000000005
2007-01-05 00:00:00+07:00,RH2M,23.165,21.378250000000005
2007-01-06 00:00:00+07:00,RH2M,23.165,21.378250000000005
2007-01-07 00:00:00+07:00,RH2M,22.939999999999994,21.378250000000005
2007-02-04 00:00:00+07:00,RH2M,26.815000000000005,21.378250000000005
2007-02-05 00:00:00+07:00,RH2M,21.400000000000006,21.378250000000005
2007-03-29 00:00:00+07:00,RH2M,22.222499999999993,21.378250000000005
2007-03-30 00:00:00+07:00,RH2M,21.6225,21.378250000000005
2007-12-27 00:00:00+07:00,RH2M,22.750000000000004,21.378250000000005
2007-12-28 00:00:00+07:00,RH2M,24.04,21.378250000000005
2007-12-29 00:00:00+07:00,RH2M,23.78,21.378250000000005
2007-12-30 00:00:00+07:00,RH2M,22.425,21.378250000000005
2007-12-31 00:00:00+07:00,RH2M,22.425,21.378250000000005
2009-01-17 00:00:00+07:00,RH2M,23.055,21.378250000000005
2009-01-18 00:00:00+07:00,RH2M,22.6,21.378250000000005
2012-05-06 00:00:00+07:00,RH2M,21.680000000000014,21.378250000000005
2019-12-11 00:00:00+07:00,RH2M,23.894999999999996,21.378250000000005
2019-12-12 00:00:00+07:00,RH2M,24.004999999999995,21.378250000000005
2019-12-13 00:00:00+07:00,RH2M,24.004999999999995,21.378250000000005
2019-12-14 00:00:00+07:00,RH2M,23.894999999999996,21.378250000000005
2019-12-15 00:00:00+07:00,RH2M,21.859999999999996,21.378250000000005
2023-01-31 00:00:00+07:00,RH2M,25.319999999999993,21.378250000000005
