month,hour,count,median,q1,q3,MAD,variable
1,0,775,13.01,10.44,15.66,2.5999999999999996,T2M
1,1,775,12.81,10.085,15.49,2.6900000000000013,T2M
1,2,775,12.47,9.68,15.335,2.8499999999999996,T2M
1,3,775,12.14,9.22,15.155,2.969999999999999,T2M
1,4,775,11.89,8.805,14.945,3.0600000000000005,T2M
1,5,775,11.67,8.585,14.835,3.1099999999999994,T2M
1,6,775,11.52,8.415,14.73,3.16,T2M
1,7,775,12.56,9.72,16.445,3.2300000000000004,T2M
1,8,775,14.4,11.425,18.369999999999997,3.429999999999998,T2M
1,9,775,16.59,13.355,20.425,3.49,T2M
1,10,775,18.37,14.975000000000001,21.975,3.509999999999998,T2M
1,11,775,19.44,16.14,23.05,3.4700000000000006,T2M
1,12,775,20.22,16.975,23.71,3.370000000000001,T2M
1,13,775,20.6,17.445,24.06,3.3200000000000003,T2M
1,14,775,20.59,17.615000000000002,23.955,3.2399999999999984,T2M
1,15,775,20.19,17.34,23.355,3.0700000000000003,T2M
1,16,775,19.01,16.105,22.055,2.9899999999999984,T2M
1,17,775,16.87,14.105,19.77,2.8699999999999974,T2M
1,18,775,15.91,13.22,18.82,2.7799999999999994,T2M
1,19,775,15.42,12.684999999999999,18.17,2.74,T2M
1,20,775,14.81,12.184999999999999,17.48,2.6500000000000004,T2M
1,21,775,14.27,11.66,16.8,2.5700000000000003,T2M
1,22,775,13.77,11.19,16.355,2.580000000000002,T2M
1,23,775,13.42,10.81,16.064999999999998,2.639999999999999,T2M
2,0,706,15.620000000000001,12.54,18.0075,2.665000000000001,T2M
2,1,706,15.395,12.26,17.75,2.700000000000001,T2M
2,2,706,15.094999999999999,11.9825,17.495,2.745,T2M
2,3,706,14.81,11.645,17.307499999999997,2.8200000000000003,T2M
2,4,706,14.635,11.35,17.0675,2.8500000000000005,T2M
2,5,706,14.45,10.99,16.89,2.8600000000000003,T2M
2,6,706,14.66,10.975000000000001,17.1925,3.01,T2M
2,7,706,16.39,12.1675,19.24,3.4050000000000002,T2M
2,8,706,18.43,13.7675,21.557499999999997,3.6850000000000005,T2M
2,9,706,20.265,15.665,23.675,3.8949999999999996,T2M
2,10,706,21.895,17.0625,25.4525,4.015000000000001,T2M
2,11,706,22.880000000000003,18.200000000000003,26.645,4.154999999999999,T2M
2,12,706,23.695,19.1425,27.495,4.195,T2M
2,13,706,24.145,19.7125,27.895,4.050000000000001,T2M
2,14,706,24.255000000000003,19.9225,27.7275,3.91,T2M
2,15,706,23.92,19.67,26.995,3.5700000000000003,T2M
2,16,706,22.7,18.7925,25.52,3.2600000000000016,T2M
2,17,706,20.32,16.79,23.15,3.039999999999999,T2M
2,18,706,18.945,15.76,21.5175,2.880000000000001,T2M
2,19,706,18.17,15.1575,20.61,2.7100000000000017,T2M
2,20,706,17.42,14.49,19.825,2.635,T2M
2,21,706,16.835,13.9125,19.232499999999998,2.62,T2M
2,22,706,16.375,13.385000000000002,18.885,2.704999999999999,T2M
2,23,706,15.95,12.934999999999999,18.482499999999998,2.7200000000000006,T2M
3,0,775,19.02,16.285,20.950000000000003,2.1999999999999993,T2M
3,1,775,18.75,15.875,20.64,2.2300000000000004,T2M
3,2,775,18.41,15.69,20.47,2.280000000000001,T2M
3,3,775,18.29,15.475000000000001,20.26,2.2600000000000016,T2M
3,4,775,18.1,15.265,19.94,2.3200000000000003,T2M
3,5,775,17.94,14.985,19.76,2.3200000000000003,T2M
3,6,775,18.34,15.23,20.34,2.460000000000001,T2M
3,7,775,19.9,16.79,22.11,2.59,T2M
3,8,775,21.84,18.5,24.134999999999998,2.629999999999999,T2M
3,9,775,23.63,20.225,26.185000000000002,2.8599999999999994,T2M
3,10,775,25.15,21.58,27.729999999999997,3.0,T2M
3,11,775,26.32,22.685000000000002,29.025,3.09,T2M
3,12,775,27.08,23.56,29.91,3.1199999999999974,T2M
3,13,775,27.48,24.055,30.285,3.1000000000000014,T2M
3,14,775,27.48,24.195,30.25,3.039999999999999,T2M
3,15,775,26.9,23.925,29.604999999999997,2.830000000000002,T2M
3,16,775,25.78,22.979999999999997,28.240000000000002,2.5600000000000023,T2M
3,17,775,23.86,21.23,25.945,2.3099999999999987,T2M
3,18,775,22.17,19.535,24.14,2.1999999999999993,T2M
3,19,775,21.32,18.8,23.18,2.120000000000001,T2M
3,20,775,20.56,18.14,22.48,2.1199999999999974,T2M
3,21,775,20.07,17.61,22.005000000000003,2.16,T2M
3,22,775,19.74,17.174999999999997,21.700000000000003,2.16,T2M
3,23,775,19.43,16.75,21.384999999999998,2.1400000000000006,T2M
4,0,750,22.585,20.3625,24.0175,1.7800000000000011,T2M
4,1,750,22.34,20.07,23.807499999999997,1.7550000000000008,T2M
4,2,750,22.1,19.8275,23.57,1.7399999999999984,T2M
4,3,750,21.89,19.5225,23.34,1.7750000000000004,T2M
4,4,750,21.7,19.325,23.1475,1.745000000000001,T2M
4,5,750,21.54,19.1425,23.0375,1.7899999999999991,T2M
4,6,750,22.445,19.9125,24.0775,1.9499999999999993,T2M
4,7,750,24.02,21.2525,25.67,2.0150000000000006,T2M
4,8,750,25.89,23.11,27.54,2.1050000000000004,T2M
4,9,750,27.58,24.7325,29.59,2.3100000000000023,T2M
4,10,750,28.93,25.9775,31.237499999999997,2.4849999999999994,T2M
4,11,750,29.94,27.025,32.4675,2.6900000000000013,T2M
4,12,750,30.700000000000003,27.7025,33.3325,2.75,T2M
4,13,750,30.985,28.18,33.7075,2.764999999999999,T2M
4,14,750,30.9,28.072499999999998,33.68,2.8000000000000007,T2M
4,15,750,30.38,27.655,33.14,2.7300000000000004,T2M
4,16,750,29.34,26.7925,31.697499999999998,2.4299999999999997,T2M
4,17,750,27.62,25.3475,29.6525,2.130000000000001,T2M
4,18,750,25.79,23.615,27.515,1.9400000000000013,T2M
4,19,750,24.82,22.7725,26.377499999999998,1.7699999999999996,T2M
4,20,750,24.145,22.1525,25.56,1.7149999999999999,T2M
4,21,750,23.605,21.62,25.0275,1.7050000000000018,T2M
4,22,750,23.225,21.2075,24.63,1.6750000000000007,T2M
4,23,750,22.92,20.8075,24.36,1.7099999999999973,T2M
5,0,775,25.03,23.52,26.12,1.25,T2M
5,1,775,24.87,23.244999999999997,25.91,1.2399999999999984,T2M
5,2,775,24.76,23.02,25.740000000000002,1.240000000000002,T2M
5,3,775,24.61,22.875,25.6,1.2199999999999989,T2M
5,4,775,24.47,22.74,25.46,1.25,T2M
5,5,775,24.47,22.715,25.47,1.2600000000000016,T2M
5,6,775,25.53,23.744999999999997,26.49,1.2399999999999984,T2M
5,7,775,26.64,24.994999999999997,27.81,1.3299999999999983,T2M
5,8,775,28.04,26.47,29.465,1.4600000000000009,T2M
5,9,775,29.23,27.695,31.075,1.6700000000000017,T2M
5,10,775,30.29,28.64,32.345,1.8999999999999986,T2M
5,11,775,31.07,29.34,33.16,1.9600000000000009,T2M
5,12,775,31.61,29.785,33.71,1.9499999999999993,T2M
5,13,775,31.75,30.0,33.965,1.8800000000000026,T2M
5,14,775,31.64,29.92,33.83,1.8800000000000026,T2M
5,15,775,31.23,29.625,33.33,1.8399999999999999,T2M
5,16,775,30.42,28.915,32.415,1.7299999999999969,T2M
5,17,775,29.18,27.87,30.715,1.4200000000000017,T2M
5,18,775,27.51,26.4,28.91,1.25,T2M
5,19,775,26.74,25.645,27.94,1.1600000000000001,T2M
5,20,775,26.24,25.01,27.34,1.1500000000000021,T2M
5,21,775,25.84,24.555,26.939999999999998,1.1900000000000013,T2M
5,22,775,25.56,24.185000000000002,26.61,1.2000000000000028,T2M
5,23,775,25.32,23.855,26.365000000000002,1.2100000000000009,T2M
6,0,750,26.314999999999998,25.65,26.9,0.6250000000000036,T2M
6,1,750,26.134999999999998,25.474999999999998,26.75,0.634999999999998,T2M
6,2,750,26.0,25.36,26.61,0.620000000000001,T2M
6,3,750,25.86,25.2425,26.45,0.6099999999999994,T2M
6,4,750,25.75,25.1425,26.3275,0.5950000000000006,T2M
6,5,750,25.79,25.19,26.34,0.5800000000000001,T2M
6,6,750,26.72,26.13,27.177500000000002,0.5499999999999972,T2M
6,7,750,27.67,27.06,28.34,0.639999999999997,T2M
6,8,750,28.9,28.095,29.8675,0.8500000000000014,T2M
6,9,750,30.045,29.09,31.12,1.0150000000000006,T2M
6,10,750,30.96,29.84,32.0475,1.1149999999999984,T2M
6,11,750,31.61,30.4025,32.705,1.1499999999999986,T2M
6,12,750,32.06,30.802500000000002,33.087500000000006,1.1400000000000006,T2M
6,13,750,32.254999999999995,30.9725,33.2775,1.1749999999999972,T2M
6,14,750,32.185,30.8925,33.29,1.2149999999999963,T2M
6,15,750,31.85,30.5425,33.0075,1.240000000000002,T2M
6,16,750,31.13,29.9325,32.385,1.2249999999999996,T2M
6,17,750,29.97,28.9925,31.12,1.040000000000001,T2M
6,18,750,28.494999999999997,27.67,29.3675,0.8549999999999969,T2M
6,19,750,27.725,26.9625,28.4975,0.7650000000000006,T2M
6,20,750,27.3,26.6125,28.0475,0.7100000000000009,T2M
6,21,750,26.99,26.32,27.66,0.6700000000000017,T2M
6,22,750,26.72,26.07,27.36,0.6449999999999996,T2M
6,23,750,26.49,25.88,27.11,0.6199999999999974,T2M
7,0,775,26.1,25.505000000000003,26.744999999999997,0.629999999999999,T2M
7,1,775,25.93,25.33,26.58,0.620000000000001,T2M
7,2,775,25.8,25.19,26.455,0.629999999999999,T2M
7,3,775,25.68,25.06,26.295,0.620000000000001,T2M
7,4,775,25.55,24.96,26.125,0.5800000000000018,T2M
7,5,775,25.57,24.985,26.125,0.5599999999999987,T2M
7,6,775,26.54,26.035,27.12,0.5399999999999991,T2M
7,7,775,27.72,27.06,28.36,0.6499999999999986,T2M
7,8,775,29.0,28.13,29.83,0.8500000000000014,T2M
7,9,775,30.06,29.02,31.05,1.0199999999999996,T2M
7,10,775,30.85,29.755000000000003,31.95,1.0999999999999979,T2M
7,11,775,31.43,30.275,32.535,1.129999999999999,T2M
7,12,775,31.82,30.615000000000002,32.955,1.1600000000000001,T2M
7,13,775,31.92,30.69,33.125,1.2200000000000024,T2M
7,14,775,31.87,30.58,33.144999999999996,1.2799999999999976,T2M
7,15,775,31.6,30.310000000000002,32.894999999999996,1.2999999999999972,T2M
7,16,775,30.99,29.725,32.295,1.2900000000000027,T2M
7,17,775,29.94,28.835,31.105,1.1400000000000006,T2M
7,18,775,28.36,27.54,29.33,0.879999999999999,T2M
7,19,775,27.61,26.88,28.42,0.75,T2M
7,20,775,27.13,26.495,27.945,0.7099999999999973,T2M
7,21,775,26.79,26.17,27.545,0.6799999999999997,T2M
7,22,775,26.53,25.93,27.265,0.6700000000000017,T2M
7,23,775,26.29,25.7,26.994999999999997,0.6499999999999986,T2M
8,0,775,25.85,25.265,26.5,0.6199999999999974,T2M
8,1,775,25.68,25.1,26.34,0.6099999999999994,T2M
8,2,775,25.53,24.93,26.18,0.6199999999999974,T2M
8,3,775,25.39,24.8,26.02,0.6099999999999994,T2M
8,4,775,25.27,24.65,25.865000000000002,0.6099999999999994,T2M
8,5,775,25.18,24.55,25.78,0.6000000000000014,T2M
8,6,775,26.04,25.5,26.61,0.5500000000000007,T2M
8,7,775,27.22,26.52,27.9,0.6899999999999977,T2M
8,8,775,28.55,27.62,29.395,0.8900000000000006,T2M
8,9,775,29.56,28.575,30.58,1.0100000000000016,T2M
8,10,775,30.29,29.235,31.44,1.1000000000000014,T2M
8,11,775,30.8,29.73,31.975,1.120000000000001,T2M
8,12,775,31.13,29.96,32.285,1.1600000000000001,T2M
8,13,775,31.26,30.06,32.42,1.1900000000000013,T2M
8,14,775,31.2,29.97,32.445,1.2399999999999984,T2M
8,15,775,30.91,29.61,32.19,1.2899999999999991,T2M
8,16,775,30.31,29.08,31.67,1.2699999999999996,T2M
8,17,775,29.21,28.175,30.57,1.1999999999999993,T2M
8,18,775,27.83,27.01,29.009999999999998,0.9399999999999977,T2M
8,19,775,27.3,26.525,28.295,0.8500000000000014,T2M
8,20,775,26.9,26.215,27.78,0.7600000000000016,T2M
8,21,775,26.57,25.92,27.34,0.6999999999999993,T2M
8,22,775,26.3,25.675,26.994999999999997,0.6600000000000001,T2M
8,23,775,26.05,25.45,26.695,0.6099999999999994,T2M
9,0,750,24.93,24.07,25.71,0.8299999999999983,T2M
9,1,750,24.74,23.825,25.53,0.8300000000000018,T2M
9,2,750,24.53,23.625,25.34,0.8399999999999999,T2M
9,3,750,24.36,23.4225,25.177500000000002,0.8900000000000006,T2M
9,4,750,24.165,23.2425,25.04,0.8949999999999996,T2M
9,5,750,24.005000000000003,23.02,24.91,0.9450000000000003,T2M
9,6,750,24.735,23.6475,25.5975,0.9199999999999999,T2M
9,7,750,26.095,24.8025,26.87,0.9350000000000005,T2M
9,8,750,27.53,26.24,28.42,1.0349999999999984,T2M
9,9,750,28.68,27.4125,29.7,1.120000000000001,T2M
9,10,750,29.57,28.29,30.59,1.1400000000000006,T2M
9,11,750,30.13,28.8825,31.21,1.1500000000000004,T2M
9,12,750,30.49,29.2325,31.6,1.1799999999999997,T2M
9,13,750,30.59,29.3325,31.7275,1.1799999999999997,T2M
9,14,750,30.450000000000003,29.192500000000003,31.61,1.2100000000000009,T2M
9,15,750,30.095,28.82,31.23,1.205,T2M
9,16,750,29.49,28.3375,30.6475,1.1600000000000001,T2M
9,17,750,28.24,27.16,29.3475,1.0899999999999999,T2M
9,18,750,26.955,25.994999999999997,27.87,0.9399999999999977,T2M
9,19,750,26.46,25.5825,27.31,0.8599999999999994,T2M
9,20,750,26.04,25.27,26.8575,0.8049999999999997,T2M
9,21,750,25.705,24.8925,26.485,0.7950000000000017,T2M
9,22,750,25.384999999999998,24.52,26.16,0.7949999999999999,T2M
9,23,750,25.12,24.2125,25.9,0.8399999999999999,T2M
10,0,775,21.98,20.1,23.33,1.5599999999999987,T2M
10,1,775,21.66,19.75,22.98,1.5700000000000003,T2M
10,2,775,21.42,19.39,22.755,1.6599999999999966,T2M
10,3,775,21.14,19.020000000000003,22.53,1.6500000000000021,T2M
10,4,775,20.78,18.775,22.34,1.7300000000000004,T2M
10,5,775,20.53,18.5,22.19,1.8000000000000007,T2M
10,6,775,20.78,18.759999999999998,22.58,1.8699999999999974,T2M
10,7,775,22.25,20.18,24.255000000000003,2.030000000000001,T2M
10,8,775,23.91,21.759999999999998,26.005000000000003,2.1000000000000014,T2M
10,9,775,25.58,23.395,27.46,1.9700000000000024,T2M
10,10,775,26.84,24.795,28.505000000000003,1.8599999999999994,T2M
10,11,775,27.68,25.615000000000002,29.23,1.7100000000000009,T2M
10,12,775,28.22,26.11,29.59,1.620000000000001,T2M
10,13,775,28.35,26.39,29.69,1.5899999999999999,T2M
10,14,775,28.24,26.38,29.535,1.5200000000000031,T2M
10,15,775,27.76,26.119999999999997,29.06,1.5,T2M
10,16,775,27.0,25.4,28.36,1.4499999999999993,T2M
10,17,775,25.4,23.725,26.69,1.4299999999999997,T2M
10,18,775,24.38,22.785,25.59,1.3399999999999999,T2M
10,19,775,23.93,22.325,25.1,1.370000000000001,T2M
10,20,775,23.47,21.825,24.695,1.4100000000000001,T2M
10,21,775,23.0,21.275,24.205,1.4499999999999993,T2M
10,22,775,22.52,20.89,23.880000000000003,1.4699999999999989,T2M
10,23,775,22.19,20.465,23.5,1.5,T2M
11,0,750,18.125,15.96,20.8275,2.42,T2M
11,1,750,17.805,15.2975,20.61,2.63,T2M
11,2,750,17.37,14.782499999999999,20.4,2.7600000000000016,T2M
11,3,750,16.97,14.3525,20.235,2.914999999999999,T2M
11,4,750,16.65,13.967500000000001,20.03,2.985000000000001,T2M
11,5,750,16.475,13.81,19.8,3.0250000000000012,T2M
11,6,750,16.425,13.825,19.737499999999997,3.0349999999999993,T2M
11,7,750,17.825,15.49,21.3275,2.829999999999999,T2M
11,8,750,19.6,17.322499999999998,23.14,2.76,T2M
11,9,750,21.645,19.119999999999997,24.89,2.7749999999999986,T2M
11,10,750,23.189999999999998,20.66,26.17,2.700000000000001,T2M
11,11,750,24.17,21.675,27.0625,2.639999999999999,T2M
11,12,750,24.835,22.3775,27.615000000000002,2.539999999999999,T2M
11,13,750,25.16,22.695,27.807499999999997,2.530000000000001,T2M
11,14,750,25.060000000000002,22.705,27.697499999999998,2.4700000000000006,T2M
11,15,750,24.645,22.34,27.04,2.369999999999999,T2M
11,16,750,23.64,21.415,25.975,2.280000000000001,T2M
11,17,750,21.72,19.49,24.115000000000002,2.3100000000000005,T2M
11,18,750,20.955,18.785,23.26,2.2449999999999974,T2M
11,19,750,20.455,18.27,22.73,2.230000000000002,T2M
11,20,750,19.939999999999998,17.7275,22.18,2.240000000000002,T2M
11,21,750,19.405,17.1725,21.6675,2.26,T2M
11,22,750,18.8,16.78,21.265,2.295,T2M
11,23,750,18.41,16.302500000000002,20.9575,2.3100000000000005,T2M
12,0,775,13.8,11.45,16.095,2.3100000000000005,T2M
12,1,775,13.45,10.86,15.86,2.450000000000001,T2M
12,2,775,12.98,10.26,15.55,2.67,T2M
12,3,775,12.56,9.73,15.24,2.7700000000000014,T2M
12,4,775,12.24,9.375,15.0,2.8200000000000003,T2M
12,5,775,11.97,9.114999999999998,14.68,2.789999999999999,T2M
12,6,775,11.78,8.98,14.515,2.789999999999999,T2M
12,7,775,13.01,10.6,15.77,2.5299999999999994,T2M
12,8,775,14.64,12.575,17.505000000000003,2.4299999999999997,T2M
12,9,775,16.73,14.59,19.71,2.4499999999999993,T2M
12,10,775,18.56,16.195,21.355,2.5299999999999976,T2M
12,11,775,19.78,17.34,22.32,2.460000000000001,T2M
12,12,775,20.5,18.064999999999998,22.975,2.460000000000001,T2M
12,13,775,20.86,18.46,23.33,2.4299999999999997,T2M
12,14,775,20.84,18.57,23.25,2.379999999999999,T2M
12,15,775,20.38,18.16,22.71,2.289999999999999,T2M
12,16,775,19.22,17.08,21.560000000000002,2.299999999999997,T2M
12,17,775,17.28,15.114999999999998,19.445,2.169999999999998,T2M
12,18,775,16.54,14.385000000000002,18.65,2.139999999999999,T2M
12,19,775,15.96,13.89,18.16,2.1400000000000006,T2M
12,20,775,15.44,13.305,17.61,2.139999999999999,T2M
12,21,775,14.95,12.78,17.1,2.17,T2M
12,22,775,14.43,12.29,16.65,2.16,T2M
12,23,775,14.05,11.745000000000001,16.23,2.2300000000000004,T2M
1,0,775,95.0,87.59,100.0,5.0,RH2M
1,1,775,95.59,88.59,100.0,4.409999999999997,RH2M
1,2,775,95.9,89.43,100.0,4.099999999999994,RH2M
1,3,775,96.15,89.61,100.0,3.8499999999999943,RH2M
1,4,775,96.3,89.56,100.0,3.700000000000003,RH2M
1,5,775,96.54,89.35,100.0,3.4599999999999937,RH2M
1,6,775,96.09,88.89,100.0,3.9099999999999966,RH2M
1,7,775,89.97,82.205,93.31,4.039999999999992,RH2M
1,8,775,80.62,71.945,85.32,5.829999999999998,RH2M
1,9,775,72.05,62.525,77.88,6.959999999999994,RH2M
1,10,775,66.87,56.82,73.005,7.429999999999993,RH2M
1,11,775,63.75,54.239999999999995,70.245,7.590000000000003,RH2M
1,12,775,62.16,53.155,68.35499999999999,7.299999999999997,RH2M
1,13,775,61.47,52.915000000000006,67.4,7.170000000000002,RH2M
1,14,775,61.95,53.245000000000005,67.78,6.969999999999999,RH2M
1,15,775,64.55,55.915,70.45500000000001,7.07,RH2M
1,16,775,73.24,66.405,77.995,5.560000000000002,RH2M
1,17,775,85.25,78.215,88.92,4.519999999999996,RH2M
1,18,775,87.99,80.435,91.73,4.670000000000002,RH2M
1,19,775,90.16,82.145,94.37,5.1200000000000045,RH2M
1,20,775,92.08,83.685,97.06,5.8500000000000085,RH2M
1,21,775,93.63,85.32499999999999,99.185,6.3500000000000085,RH2M
1,22,775,94.49,86.16,100.0,5.510000000000005,RH2M
1,23,775,95.05,87.09,100.0,4.950000000000003,RH2M
2,0,706,97.255,90.925,100.0,2.7450000000000045,RH2M
2,1,706,97.66499999999999,91.065,100.0,2.335000000000008,RH2M
2,2,706,97.695,91.10249999999999,100.0,2.305000000000007,RH2M
2,3,706,97.59,91.4025,100.0,2.4099999999999966,RH2M
2,4,706,97.87,91.44,100.0,2.1299999999999955,RH2M
2,5,706,97.9,91.2525,100.0,2.0999999999999943,RH2M
2,6,706,96.67,89.935,99.64,3.3299999999999983,RH2M
2,7,706,89.01,81.60249999999999,91.4425,3.3500000000000014,RH2M
2,8,706,79.63499999999999,72.0975,83.67500000000001,5.010000000000012,RH2M
2,9,706,71.695,64.435,76.4175,5.434999999999995,RH2M
2,10,706,66.27,58.765,71.0975,5.639999999999997,RH2M
2,11,706,62.69,54.825,67.7075,5.969999999999999,RH2M
2,12,706,60.614999999999995,52.82,65.8275,5.900000000000006,RH2M
2,13,706,59.745,52.04,64.7875,6.015000000000004,RH2M
2,14,706,60.06,52.295,65.36500000000001,6.274999999999995,RH2M
2,15,706,62.114999999999995,54.475,67.39750000000001,6.4750000000000085,RH2M
2,16,706,68.10499999999999,60.949999999999996,73.4575,6.120000000000001,RH2M
2,17,706,81.62,76.82249999999999,85.53999999999999,4.334999999999994,RH2M
2,18,706,87.4,81.57,90.6175,4.095000000000006,RH2M
2,19,706,90.37,84.56,93.54249999999999,3.8299999999999983,RH2M
2,20,706,93.52,87.225,96.095,3.3200000000000003,RH2M
2,21,706,95.55000000000001,89.315,97.8975,3.6499999999999915,RH2M
2,22,706,96.41,90.325,99.3375,3.5900000000000034,RH2M
2,23,706,96.985,90.86,100.0,3.0150000000000006,RH2M
3,0,775,96.81,93.435,98.82,2.4200000000000017,RH2M
3,1,775,97.21,93.705,99.46,2.6300000000000097,RH2M
3,2,775,97.42,93.805,99.805,2.5799999999999983,RH2M
3,3,775,97.51,93.60499999999999,99.82,2.489999999999995,RH2M
3,4,775,97.65,93.185,99.98,2.3499999999999943,RH2M
3,5,775,97.76,93.65,100.0,2.239999999999995,RH2M
3,6,775,95.21,91.28,96.69,1.970000000000013,RH2M
3,7,775,88.21,82.37,90.35,2.930000000000007,RH2M
3,8,775,79.61,73.0,83.04,4.400000000000006,RH2M
3,9,775,72.29,64.88499999999999,76.295,4.86999999999999,RH2M
3,10,775,66.93,59.305,71.36,5.329999999999998,RH2M
3,11,775,63.06,55.535,67.705,5.769999999999996,RH2M
3,12,775,60.52,53.175,65.48,6.089999999999996,RH2M
3,13,775,59.17,51.82,64.41499999999999,6.049999999999997,RH2M
3,14,775,59.48,51.870000000000005,64.65,6.080000000000005,RH2M
3,15,775,61.56,53.745000000000005,67.195,6.310000000000002,RH2M
3,16,775,67.0,59.465,72.09,5.829999999999998,RH2M
3,17,775,78.27,72.7,82.39,4.77000000000001,RH2M
3,18,775,86.12,80.93,89.705,4.180000000000007,RH2M
3,19,775,89.77,84.445,92.75,3.6099999999999994,RH2M
3,20,775,92.8,87.925,95.14,2.8799999999999955,RH2M
3,21,775,94.82,90.405,96.45,2.160000000000011,RH2M
3,22,775,95.68,92.26,97.285,2.0900000000000034,RH2M
3,23,775,96.25,92.97,97.97999999999999,2.239999999999995,RH2M
4,0,750,95.77,91.71249999999999,97.28,2.030000000000001,RH2M
4,1,750,96.305,92.53999999999999,97.6575,2.0449999999999946,RH2M
4,2,750,96.47999999999999,92.6825,98.0175,2.1300000000000097,RH2M
4,3,750,96.685,93.0275,98.255,2.1699999999999946,RH2M
4,4,750,96.88499999999999,93.115,98.51,2.1750000000000043,RH2M
4,5,750,97.05,93.24000000000001,98.6675,2.1300000000000097,RH2M
4,6,750,92.97,89.0425,94.67750000000001,2.1000000000000014,RH2M
4,7,750,85.66499999999999,79.6175,89.08500000000001,4.405000000000008,RH2M
4,8,750,77.17,69.865,82.18,5.685000000000002,RH2M
4,9,750,69.965,61.432500000000005,75.785,6.789999999999999,RH2M
4,10,750,64.625,55.7075,71.165,7.405000000000001,RH2M
4,11,750,60.425,51.7825,67.67,7.919999999999998,RH2M
4,12,750,57.985,49.2525,65.6975,8.064999999999998,RH2M
4,13,750,56.675,48.01,64.1925,7.935000000000002,RH2M
4,14,750,57.06,48.045,64.4975,8.124999999999993,RH2M
4,15,750,59.065,49.6125,66.765,8.41,RH2M
4,16,750,63.715,54.042500000000004,71.1275,8.394999999999996,RH2M
4,17,750,73.67,65.32249999999999,79.97,7.104999999999997,RH2M
4,18,750,83.0,74.8925,87.85,6.039999999999999,RH2M
4,19,750,86.77000000000001,79.27250000000001,91.005,5.170000000000002,RH2M
4,20,750,89.965,83.6375,93.61250000000001,4.460000000000001,RH2M
4,21,750,92.39,86.6,95.23,3.414999999999999,RH2M
4,22,750,94.095,88.69,96.0875,2.594999999999999,RH2M
4,23,750,95.22,90.42750000000001,96.75,2.155000000000001,RH2M
5,0,775,96.07,92.52000000000001,97.305,1.690000000000012,RH2M
5,1,775,96.42,92.855,97.53,1.5699999999999932,RH2M
5,2,775,96.57,93.57499999999999,97.705,1.5,RH2M
5,3,775,96.62,93.89,97.86500000000001,1.5300000000000011,RH2M
5,4,775,96.78,93.96,97.945,1.480000000000004,RH2M
5,5,775,96.58,93.96000000000001,97.73,1.4500000000000028,RH2M
5,6,775,92.57,88.63,94.595,2.450000000000003,RH2M
5,7,775,86.43,80.19,90.39,4.679999999999993,RH2M
5,8,775,78.68,71.025,84.47999999999999,6.509999999999991,RH2M
5,9,775,72.61,63.885000000000005,78.38,7.189999999999998,RH2M
5,10,775,67.99,59.415,74.315,7.3899999999999935,RH2M
5,11,775,65.24,56.41,71.81,7.52000000000001,RH2M
5,12,775,63.55,54.254999999999995,70.405,7.579999999999998,RH2M
5,13,775,62.93,53.260000000000005,69.495,7.68,RH2M
5,14,775,63.68,53.705,69.945,7.6399999999999935,RH2M
5,15,775,65.62,55.43,71.975,7.830000000000005,RH2M
5,16,775,69.24,59.365,75.97,7.980000000000004,RH2M
5,17,775,76.64,67.44999999999999,82.61,7.069999999999993,RH2M
5,18,775,85.47,78.06,90.05,5.3700000000000045,RH2M
5,19,775,88.53,81.69,92.54,4.579999999999998,RH2M
5,20,775,90.96,85.27,94.38499999999999,3.8900000000000006,RH2M
5,21,775,93.02,88.11500000000001,95.65,3.0999999999999943,RH2M
5,22,775,94.55,90.43,96.445,2.3800000000000097,RH2M
5,23,775,95.47,91.78999999999999,96.96,1.9000000000000057,RH2M
6,0,750,95.86,93.8125,97.22,1.5300000000000011,RH2M
6,1,750,96.17500000000001,93.86,97.4175,1.4749999999999943,RH2M
6,2,750,96.34,93.96,97.46,1.4949999999999974,RH2M
6,3,750,96.22,93.81,97.5175,1.5900000000000034,RH2M
6,4,750,96.17,93.895,97.5175,1.6400000000000006,RH2M
6,5,750,96.065,94.0425,97.28,1.4950000000000045,RH2M
6,6,750,93.11500000000001,90.41,95.0,2.1049999999999898,RH2M
6,7,750,88.66,83.7975,91.875,3.8599999999999994,RH2M
6,8,750,82.095,75.935,86.7975,5.219999999999999,RH2M
6,9,750,75.58500000000001,69.8725,81.1075,5.624999999999993,RH2M
6,10,750,71.6,66.32,77.05,5.369999999999997,RH2M
6,11,750,68.85,64.13749999999999,74.33,5.120000000000001,RH2M
6,12,750,67.42500000000001,62.7875,72.565,4.904999999999987,RH2M
6,13,750,66.88,62.042500000000004,72.1025,5.055000000000003,RH2M
6,14,750,67.3,62.0775,72.8375,5.405000000000001,RH2M
6,15,750,68.995,63.16,75.02250000000001,5.8749999999999964,RH2M
6,16,750,72.63,65.9575,78.36749999999999,6.229999999999997,RH2M
6,17,750,78.97,73.03,83.8875,5.265000000000001,RH2M
6,18,750,87.535,83.6525,90.43,3.365000000000002,RH2M
6,19,750,89.85,86.115,92.665,3.2549999999999955,RH2M
6,20,750,91.62,88.24249999999999,94.05250000000001,2.770000000000003,RH2M
6,21,750,93.31,90.2475,95.3075,2.3799999999999955,RH2M
6,22,750,94.43,91.83,96.275,2.069999999999993,RH2M
6,23,750,95.33500000000001,93.1275,96.89,1.7449999999999974,RH2M
7,0,775,95.83,93.61,97.4,1.7600000000000051,RH2M
7,1,775,95.96,93.73,97.55000000000001,1.7600000000000051,RH2M
7,2,775,96.07,93.77000000000001,97.65,1.8199999999999932,RH2M
7,3,775,96.16,93.795,97.66499999999999,1.7199999999999989,RH2M
7,4,775,96.36,94.005,97.65,1.6299999999999955,RH2M
7,5,775,96.38,94.22999999999999,97.56,1.4100000000000108,RH2M
7,6,775,93.41,90.68,95.235,2.1300000000000097,RH2M
7,7,775,88.5,84.55,91.81,3.5400000000000063,RH2M
7,8,775,82.12,76.895,86.8,4.960000000000008,RH2M
7,9,775,76.27,71.42,81.75,5.170000000000002,RH2M
7,10,775,72.75,68.205,78.28,4.930000000000007,RH2M
7,11,775,70.61,65.935,75.975,4.989999999999995,RH2M
7,12,775,69.35,64.5,74.6,5.039999999999992,RH2M
7,13,775,68.97,63.94,74.38,5.170000000000002,RH2M
7,14,775,69.55,64.045,75.10499999999999,5.540000000000006,RH2M
7,15,775,71.13,65.32499999999999,76.9,5.799999999999997,RH2M
7,16,775,74.33,67.37,80.41,6.439999999999998,RH2M
7,17,775,79.7,73.59,85.235,5.829999999999998,RH2M
7,18,775,88.38,84.41499999999999,91.54,3.469999999999999,RH2M
7,19,775,90.68,86.795,93.425,3.3599999999999994,RH2M
7,20,775,92.31,88.815,94.675,2.8299999999999983,RH2M
7,21,775,93.63,90.515,95.775,2.410000000000011,RH2M
7,22,775,94.65,92.08500000000001,96.475,2.1299999999999955,RH2M
7,23,775,95.36,93.0,97.065,1.8599999999999994,RH2M
8,0,775,95.59,93.055,97.19,1.8699999999999903,RH2M
8,1,775,95.57,93.255,97.31,1.8699999999999903,RH2M
8,2,775,95.74,93.375,97.285,1.8200000000000074,RH2M
8,3,775,95.72,93.685,97.36,1.7399999999999949,RH2M
8,4,775,95.93,93.935,97.42500000000001,1.6499999999999915,RH2M
8,5,775,96.15,94.31,97.47,1.5,RH2M
8,6,775,94.42,91.96,95.905,1.75,RH2M
8,7,775,89.52,85.6,92.995,3.6099999999999994,RH2M
8,8,775,83.49,77.945,88.57499999999999,5.240000000000009,RH2M
8,9,775,78.35,73.0,84.08,5.47999999999999,RH2M
8,10,775,75.16,69.985,80.235,5.159999999999997,RH2M
8,11,775,72.93,68.0,78.295,5.030000000000001,RH2M
8,12,775,71.7,67.225,76.945,4.829999999999998,RH2M
8,13,775,71.55,66.82,76.805,5.060000000000002,RH2M
8,14,775,72.16,67.055,77.6,5.280000000000001,RH2M
8,15,775,73.84,68.28999999999999,79.825,5.799999999999997,RH2M
8,16,775,77.0,70.66,82.83000000000001,6.060000000000002,RH2M
8,17,775,82.35,75.795,87.805,5.97999999999999,RH2M
8,18,775,90.03,86.00999999999999,93.04,3.4399999999999977,RH2M
8,19,775,91.32,87.66,94.33,3.220000000000013,RH2M
8,20,775,92.51,89.295,95.22999999999999,2.9399999999999977,RH2M
8,21,775,93.72,90.635,96.025,2.549999999999997,RH2M
8,22,775,94.6,91.845,96.545,2.1700000000000017,RH2M
8,23,775,95.15,92.41499999999999,96.95,2.059999999999988,RH2M
9,0,750,94.88499999999999,91.2775,97.06,2.5800000000000054,RH2M
9,1,750,94.935,92.1175,97.155,2.4100000000000037,RH2M
9,2,750,95.275,92.6825,97.17,2.2099999999999937,RH2M
9,3,750,95.475,93.1525,97.22,1.9799999999999969,RH2M
9,4,750,95.68,93.6925,97.33,1.7749999999999986,RH2M
9,5,750,95.89,94.0675,97.42750000000001,1.6799999999999926,RH2M
9,6,750,94.755,92.71,96.3,1.6850000000000023,RH2M
9,7,750,89.655,86.0325,92.9675,3.450000000000003,RH2M
9,8,750,82.89500000000001,77.575,88.6425,5.524999999999999,RH2M
9,9,750,77.35499999999999,71.67750000000001,83.5925,5.959999999999994,RH2M
9,10,750,73.77000000000001,68.465,79.6975,5.585000000000001,RH2M
9,11,750,71.72999999999999,66.60499999999999,77.4375,5.384999999999998,RH2M
9,12,750,70.37,65.58,76.1875,5.135000000000005,RH2M
9,13,750,69.94999999999999,65.24,75.955,5.2350000000000065,RH2M
9,14,750,70.55,65.66749999999999,77.155,5.615000000000002,RH2M
9,15,750,72.33500000000001,67.545,79.23249999999999,5.825000000000003,RH2M
9,16,750,76.385,70.5375,83.0875,6.135000000000005,RH2M
9,17,750,83.14,77.63749999999999,88.845,5.589999999999996,RH2M
9,18,750,89.82,85.0425,93.06,4.034999999999997,RH2M
9,19,750,90.82,85.96000000000001,93.9925,3.660000000000011,RH2M
9,20,750,91.83500000000001,87.42,94.9375,3.499999999999993,RH2M
9,21,750,93.01,88.5675,95.845,3.319999999999993,RH2M
9,22,750,93.88499999999999,89.77,96.405,3.0700000000000003,RH2M
9,23,750,94.59,90.535,96.8675,2.7650000000000077,RH2M
10,0,775,93.76,89.55,96.89,3.480000000000004,RH2M
10,1,775,94.12,90.62,96.92,3.1199999999999903,RH2M
10,2,775,94.62,91.655,97.025,2.6099999999999994,RH2M
10,3,775,95.24,92.63,97.14,2.1700000000000017,RH2M
10,4,775,95.59,93.05,97.435,2.049999999999997,RH2M
10,5,775,95.82,93.305,97.62,2.0,RH2M
10,6,775,95.19,92.745,96.785,1.8799999999999955,RH2M
10,7,775,89.45,85.975,92.265,3.1299999999999955,RH2M
10,8,775,81.63,78.13,86.59,4.140000000000001,RH2M
10,9,775,75.68,70.98,80.815,4.86999999999999,RH2M
10,10,775,71.67,67.305,76.785,4.659999999999997,RH2M
10,11,775,69.43,65.105,74.745,4.720000000000013,RH2M
10,12,775,68.34,64.13,73.385,4.660000000000004,RH2M
10,13,775,68.1,63.760000000000005,72.945,4.6200000000000045,RH2M
10,14,775,68.7,64.17,73.80000000000001,4.890000000000001,RH2M
10,15,775,71.15,66.16,76.495,5.11999999999999,RH2M
10,16,775,76.23,70.80000000000001,81.32,5.240000000000009,RH2M
10,17,775,85.71,81.015,89.06,3.809999999999988,RH2M
10,18,775,89.18,81.75,92.42500000000001,4.109999999999999,RH2M
10,19,775,90.15,82.63,93.24,4.269999999999996,RH2M
10,20,775,91.18,84.59,94.525,4.200000000000003,RH2M
10,21,775,91.96,86.0,95.44999999999999,4.090000000000003,RH2M
10,22,775,92.77,87.09,96.205,3.8599999999999994,RH2M
10,23,775,93.27,88.465,96.56,3.799999999999997,RH2M
11,0,750,93.375,86.8075,98.495,5.530000000000001,RH2M
11,1,750,94.14500000000001,88.91250000000001,98.325,4.57,RH2M
11,2,750,94.75999999999999,90.3125,98.36,3.775000000000013,RH2M
11,3,750,95.63,91.38,98.45,3.305000000000007,RH2M
11,4,750,96.11,91.8,98.815,3.25,RH2M
11,5,750,96.3,92.09,98.91,3.1999999999999957,RH2M
11,6,750,95.98,91.82,98.42,3.039999999999999,RH2M
11,7,750,89.83500000000001,84.8025,93.03,3.7250000000000014,RH2M
11,8,750,81.98,76.0075,86.53,5.180000000000007,RH2M
11,9,750,74.44999999999999,67.5725,80.065,6.065000000000012,RH2M
11,10,750,69.655,61.735,75.6875,6.670000000000002,RH2M
11,11,750,67.13499999999999,59.315,72.76249999999999,6.574999999999999,RH2M
11,12,750,65.765,58.3125,70.91250000000001,6.210000000000001,RH2M
11,13,750,64.99000000000001,57.985,70.57249999999999,6.129999999999988,RH2M
11,14,750,65.68,58.675,71.15,6.079999999999991,RH2M
11,15,750,68.28,61.1275,73.77,6.059999999999995,RH2M
11,16,750,74.99,69.07249999999999,80.10249999999999,5.530000000000001,RH2M
11,17,750,85.315,77.86,89.6075,5.385000000000005,RH2M
11,18,750,87.315,76.8025,92.085,5.950000000000003,RH2M
11,19,750,88.66,78.235,93.4275,6.149999999999999,RH2M
11,20,750,90.15,79.9975,95.0775,6.2549999999999955,RH2M
11,21,750,91.16499999999999,81.435,96.6675,6.280000000000008,RH2M
11,22,750,91.93,83.1825,97.965,6.509999999999991,RH2M
11,23,750,92.705,85.0025,98.57,6.270000000000003,RH2M
12,0,775,91.92,84.28,98.33,7.030000000000001,RH2M
12,1,775,92.91,85.685,98.515,6.310000000000002,RH2M
12,2,775,93.84,86.89500000000001,98.965,6.010000000000005,RH2M
12,3,775,94.39,87.56,99.44,5.609999999999999,RH2M
12,4,775,94.56,88.095,99.75,5.439999999999998,RH2M
12,5,775,94.69,88.17,99.865,5.310000000000002,RH2M
12,6,775,94.7,88.215,99.36,5.299999999999997,RH2M
12,7,775,88.66,81.685,93.11500000000001,5.210000000000008,RH2M
12,8,775,79.53,70.50999999999999,85.86,7.159999999999997,RH2M
12,9,775,70.91,60.67,78.265,8.150000000000006,RH2M
12,10,775,65.65,55.03,73.19999999999999,8.579999999999998,RH2M
12,11,775,63.02,52.565,70.14,8.300000000000004,RH2M
12,12,775,61.8,51.92,68.1,7.969999999999999,RH2M
12,13,775,61.21,51.855000000000004,67.495,7.660000000000004,RH2M
12,14,775,61.91,52.76,68.13499999999999,7.579999999999998,RH2M
12,15,775,64.28,55.79,71.18,7.689999999999998,RH2M
12,16,775,74.69,68.345,79.59,5.560000000000002,RH2M
12,17,775,83.72,74.10499999999999,89.16499999999999,6.5,RH2M
12,18,775,85.29,74.535,91.46,7.199999999999989,RH2M
12,19,775,86.67,75.74000000000001,93.225,7.75,RH2M
12,20,775,88.09,77.875,94.995,8.030000000000001,RH2M
12,21,775,89.04,79.695,96.34,8.279999999999987,RH2M
12,22,775,89.86,81.44999999999999,97.515,8.0,RH2M
12,23,775,90.7,82.685,97.9,7.6299999999999955,RH2M
1,0,775,100.91,100.62,101.25,0.3200000000000074,PS
1,1,775,100.88,100.58,101.22,0.3299999999999983,PS
1,2,775,100.85,100.55,101.21,0.3399999999999892,PS
1,3,775,100.85,100.54,101.215,0.3400000000000034,PS
1,4,775,100.87,100.57,101.24,0.3499999999999943,PS
1,5,775,100.93,100.62,101.3,0.3499999999999943,PS
1,6,775,101.0,100.69,101.36,0.3400000000000034,PS
1,7,775,101.08,100.76,101.43,0.3400000000000034,PS
1,8,775,101.13,100.83,101.495,0.3400000000000034,PS
1,9,775,101.15,100.845,101.51,0.3400000000000034,PS
1,10,775,101.1,100.785,101.455,0.3399999999999892,PS
1,11,775,101.0,100.67,101.34,0.3400000000000034,PS
1,12,775,100.86,100.53,101.21,0.3400000000000034,PS
1,13,775,100.74,100.41,101.08,0.3399999999999892,PS
1,14,775,100.66,100.34,101.01,0.3299999999999983,PS
1,15,775,100.65,100.33,101.0,0.3299999999999983,PS
1,16,775,100.67,100.375,101.02,0.3200000000000074,PS
1,17,775,100.71,100.41,101.05,0.3200000000000074,PS
1,18,775,100.78,100.475,101.11,0.3199999999999932,PS
1,19,775,100.84,100.56,101.17,0.3100000000000023,PS
1,20,775,100.89,100.61,101.22,0.29999999999999716,PS
1,21,775,100.92,100.64,101.25,0.3100000000000023,PS
1,22,775,100.93,100.63,101.25,0.3100000000000023,PS
1,23,775,100.92,100.63,101.25,0.3100000000000023,PS
2,0,706,100.67,100.32,101.05,0.37000000000000455,PS
2,1,706,100.63499999999999,100.2825,101.0175,0.3650000000000091,PS
2,2,706,100.61,100.2525,100.99,0.37000000000000455,PS
2,3,706,100.61,100.24,100.99,0.37000000000000455,PS
2,4,706,100.63,100.2625,101.0175,0.37999999999999545,PS
2,5,706,100.69,100.32,101.08500000000001,0.37999999999999545,PS
2,6,706,100.77,100.4,101.16,0.37999999999999545,PS
2,7,706,100.85,100.48,101.25,0.3850000000000051,PS
2,8,706,100.9,100.5325,101.3,0.39000000000000057,PS
2,9,706,100.91,100.5325,101.3175,0.39000000000000057,PS
2,10,706,100.85,100.47,101.25,0.39000000000000057,PS
2,11,706,100.75,100.3625,101.14,0.39000000000000057,PS
2,12,706,100.62,100.25,101.02,0.394999999999996,PS
2,13,706,100.505,100.1125,100.89,0.3850000000000051,PS
2,14,706,100.43,100.02,100.7975,0.38999999999998636,PS
2,15,706,100.39,99.9825,100.75,0.39000000000000057,PS
2,16,706,100.4,100.01,100.75750000000001,0.37000000000000455,PS
2,17,706,100.43,100.07,100.8,0.36999999999999034,PS
2,18,706,100.49,100.14,100.88,0.375,PS
2,19,706,100.58,100.23,100.9675,0.365000000000002,PS
2,20,706,100.64,100.3025,101.0275,0.365000000000002,PS
2,21,706,100.67500000000001,100.3325,101.06,0.36000000000000654,PS
2,22,706,100.68,100.3325,101.0575,0.36000000000001364,PS
2,23,706,100.67,100.32,101.0575,0.37000000000000455,PS
3,0,775,100.32,100.0,100.725,0.35999999999999943,PS
3,1,775,100.28,99.96,100.69,0.35999999999999943,PS
3,2,775,100.25,99.93,100.66499999999999,0.35999999999999943,PS
3,3,775,100.24,99.92,100.66,0.36999999999999034,PS
3,4,775,100.27,99.95,100.7,0.37000000000000455,PS
3,5,775,100.33,100.01,100.755,0.37000000000000455,PS
3,6,775,100.42,100.095,100.82,0.37000000000000455,PS
3,7,775,100.51,100.16499999999999,100.9,0.35999999999999943,PS
3,8,775,100.56,100.225,100.95,0.35999999999999943,PS
3,9,775,100.56,100.22,100.95,0.37000000000000455,PS
3,10,775,100.51,100.16,100.89500000000001,0.36999999999999034,PS
3,11,775,100.4,100.07,100.81,0.36999999999999034,PS
3,12,775,100.27,99.945,100.68,0.36999999999999034,PS
3,13,775,100.15,99.82,100.56,0.36999999999999034,PS
3,14,775,100.05,99.72,100.46,0.36999999999999034,PS
3,15,775,100.01,99.68,100.42,0.36999999999999034,PS
3,16,775,100.02,99.68,100.42,0.36999999999999034,PS
3,17,775,100.06,99.72,100.47,0.37000000000000455,PS
3,18,775,100.14,99.8,100.54,0.35999999999999943,PS
3,19,775,100.23,99.89,100.62,0.35999999999999943,PS
3,20,775,100.32,99.97,100.71,0.35999999999999943,PS
3,21,775,100.36,100.03,100.75,0.35999999999999943,PS
3,22,775,100.37,100.05,100.765,0.3500000000000085,PS
3,23,775,100.35,100.03,100.75,0.3500000000000085,PS
4,0,750,99.99,99.68,100.35,0.3299999999999983,PS
4,1,750,99.95,99.65,100.2975,0.3299999999999983,PS
4,2,750,99.91499999999999,99.62,100.2775,0.33499999999999375,PS
4,3,750,99.92,99.63,100.2775,0.3299999999999983,PS
4,4,750,99.95,99.67,100.31,0.3299999999999983,PS
4,5,750,100.01,99.72,100.3675,0.3299999999999983,PS
4,6,750,100.07,99.79,100.43,0.3200000000000074,PS
4,7,750,100.15,99.86,100.51,0.3200000000000074,PS
4,8,750,100.18,99.9,100.5475,0.3299999999999983,PS
4,9,750,100.17500000000001,99.9,100.54,0.32499999999998863,PS
4,10,750,100.12,99.84,100.4975,0.3199999999999932,PS
4,11,750,100.04,99.76,100.39750000000001,0.3199999999999932,PS
4,12,750,99.94,99.6425,100.29,0.3100000000000023,PS
4,13,750,99.83,99.54,100.18,0.3100000000000023,PS
4,14,750,99.74,99.4525,100.09,0.3100000000000023,PS
4,15,750,99.69999999999999,99.41,100.0475,0.3199999999999932,PS
4,16,750,99.71,99.4,100.05,0.3200000000000074,PS
4,17,750,99.75,99.44,100.09,0.32499999999999574,PS
4,18,750,99.82,99.52,100.16,0.3200000000000074,PS
4,19,750,99.91,99.61,100.25,0.3200000000000074,PS
4,20,750,100.01,99.69,100.34,0.3299999999999983,PS
4,21,750,100.06,99.75,100.39750000000001,0.3200000000000003,PS
4,22,750,100.07,99.76,100.4,0.3200000000000074,PS
4,23,750,100.035,99.73,100.37,0.32500000000000284,PS
5,0,775,99.66,99.43,99.9,0.23999999999999488,PS
5,1,775,99.6,99.37,99.86500000000001,0.23999999999999488,PS
5,2,775,99.57,99.35,99.83,0.23999999999999488,PS
5,3,775,99.57,99.36,99.84,0.2400000000000091,PS
5,4,775,99.6,99.38499999999999,99.87,0.23999999999999488,PS
5,5,775,99.64,99.44,99.9,0.23000000000000398,PS
5,6,775,99.71,99.495,99.965,0.23000000000000398,PS
5,7,775,99.76,99.54,100.01,0.23000000000000398,PS
5,8,775,99.8,99.57499999999999,100.055,0.23999999999999488,PS
5,9,775,99.8,99.57,100.05,0.2400000000000091,PS
5,10,775,99.76,99.53,100.02,0.25,PS
5,11,775,99.69,99.47,99.95,0.23000000000000398,PS
5,12,775,99.62,99.39,99.86,0.23999999999999488,PS
5,13,775,99.53,99.31,99.77,0.23000000000000398,PS
5,14,775,99.46,99.24,99.69,0.22999999999998977,PS
5,15,775,99.43,99.21,99.65,0.22000000000001307,PS
5,16,775,99.42,99.2,99.63,0.21000000000000796,PS
5,17,775,99.44,99.235,99.66499999999999,0.21000000000000796,PS
5,18,775,99.51,99.29,99.73,0.21999999999999886,PS
5,19,775,99.59,99.37,99.81,0.21999999999999886,PS
5,20,775,99.65,99.43,99.88,0.22999999999998977,PS
5,21,775,99.71,99.49,99.94,0.22999999999998977,PS
5,22,775,99.72,99.5,99.96,0.23000000000000398,PS
5,23,775,99.69,99.465,99.93,0.23000000000000398,PS
6,0,750,99.295,99.13,99.48,0.17499999999999716,PS
6,1,750,99.24,99.09,99.43,0.1700000000000017,PS
6,2,750,99.22,99.0525,99.41,0.1799999999999926,PS
6,3,750,99.22,99.06,99.41,0.17499999999999716,PS
6,4,750,99.24,99.08,99.43,0.1700000000000017,PS
6,5,750,99.285,99.12,99.4775,0.16500000000000625,PS
6,6,750,99.34,99.18,99.53,0.1700000000000017,PS
6,7,750,99.39,99.23,99.57,0.1700000000000017,PS
6,8,750,99.42,99.26,99.6,0.16499999999999915,PS
6,9,750,99.42,99.26,99.6,0.16499999999999915,PS
6,10,750,99.39500000000001,99.24,99.56,0.16499999999999204,PS
6,11,750,99.35,99.19,99.51,0.1600000000000108,PS
6,12,750,99.28,99.13,99.44,0.1599999999999966,PS
6,13,750,99.215,99.06,99.37,0.15500000000000114,PS
6,14,750,99.17,99.0125,99.32,0.15000000000000568,PS
6,15,750,99.13,98.98,99.28,0.15000000000000568,PS
6,16,750,99.12,98.97,99.27,0.15000000000000568,PS
6,17,750,99.14,99.0,99.29,0.15000000000000568,PS
6,18,750,99.19,99.05,99.35,0.14999999999999858,PS
6,19,750,99.26,99.11,99.42,0.1599999999999966,PS
6,20,750,99.32,99.16,99.49,0.1599999999999966,PS
6,21,750,99.37,99.21,99.54,0.1600000000000108,PS
6,22,750,99.38,99.23,99.55,0.1700000000000017,PS
6,23,750,99.35,99.1825,99.52,0.1699999999999875,PS
7,0,775,99.31,99.11,99.49,0.18999999999999773,PS
7,1,775,99.25,99.05,99.44,0.18999999999999773,PS
7,2,775,99.23,99.03,99.41,0.18999999999999773,PS
7,3,775,99.23,99.035,99.41,0.18999999999999773,PS
7,4,775,99.25,99.06,99.43,0.18999999999999773,PS
7,5,775,99.29,99.095,99.47,0.19000000000001194,PS
7,6,775,99.34,99.15,99.53,0.18999999999999773,PS
7,7,775,99.38,99.195,99.57,0.18999999999999773,PS
7,8,775,99.4,99.22,99.6,0.18000000000000682,PS
7,9,775,99.41,99.22,99.59,0.18999999999999773,PS
7,10,775,99.38,99.2,99.57,0.18999999999999773,PS
7,11,775,99.34,99.15,99.51,0.18000000000000682,PS
7,12,775,99.27,99.09,99.46,0.18000000000000682,PS
7,13,775,99.21,99.04,99.4,0.18000000000000682,PS
7,14,775,99.17,98.995,99.35,0.1799999999999926,PS
7,15,775,99.14,98.97,99.32,0.1799999999999926,PS
7,16,775,99.13,98.95,99.31,0.1799999999999926,PS
7,17,775,99.15,98.97,99.33,0.18000000000000682,PS
7,18,775,99.21,99.02,99.38,0.1799999999999926,PS
7,19,775,99.27,99.09,99.45,0.18000000000000682,PS
7,20,775,99.34,99.15,99.515,0.1799999999999926,PS
7,21,775,99.39,99.2,99.57,0.18000000000000682,PS
7,22,775,99.4,99.21,99.58,0.18999999999999773,PS
7,23,775,99.36,99.16,99.54,0.18999999999999773,PS
8,0,775,99.42,99.18,99.62,0.21999999999999886,PS
8,1,775,99.38,99.13,99.57,0.21999999999999886,PS
8,2,775,99.35,99.1,99.54,0.21999999999999886,PS
8,3,775,99.35,99.095,99.53,0.21999999999999886,PS
8,4,775,99.37,99.11,99.55,0.21999999999999886,PS
8,5,775,99.4,99.15,99.59,0.21999999999999886,PS
8,6,775,99.45,99.205,99.64,0.21999999999999886,PS
8,7,775,99.5,99.25,99.685,0.21999999999999886,PS
8,8,775,99.53,99.285,99.72,0.21999999999999886,PS
8,9,775,99.54,99.29,99.73,0.21999999999999886,PS
8,10,775,99.52,99.27,99.71,0.21999999999999886,PS
8,11,775,99.47,99.23,99.67,0.21000000000000796,PS
8,12,775,99.4,99.17,99.6,0.21000000000000796,PS
8,13,775,99.34,99.12,99.53,0.20999999999999375,PS
8,14,775,99.28,99.07,99.48,0.20999999999999375,PS
8,15,775,99.25,99.04,99.46,0.20999999999999375,PS
8,16,775,99.24,99.04,99.45,0.20999999999999375,PS
8,17,775,99.27,99.06,99.47,0.20999999999999375,PS
8,18,775,99.32,99.1,99.52,0.20999999999999375,PS
8,19,775,99.39,99.16,99.58500000000001,0.20999999999999375,PS
8,20,775,99.46,99.23,99.66,0.21000000000000796,PS
8,21,775,99.51,99.28,99.71,0.21999999999999886,PS
8,22,775,99.52,99.28,99.71,0.21999999999999886,PS
8,23,775,99.48,99.24,99.68,0.21999999999999886,PS
9,0,750,99.82,99.62,100.01,0.19000000000001194,PS
9,1,750,99.78,99.58,99.97,0.20000000000000284,PS
9,2,750,99.745,99.54,99.94,0.20000000000000284,PS
9,3,750,99.74,99.53,99.9475,0.20999999999999375,PS
9,4,750,99.76,99.55,99.9675,0.20999999999999375,PS
9,5,750,99.795,99.59,100.00750000000001,0.2049999999999983,PS
9,6,750,99.85,99.64,100.06,0.21000000000000085,PS
9,7,750,99.91,99.71,100.13,0.20999999999999375,PS
9,8,750,99.96,99.75,100.17,0.21000000000000796,PS
9,9,750,99.97,99.76,100.18,0.21000000000000796,PS
9,10,750,99.95,99.73,100.15,0.20999999999999375,PS
9,11,750,99.89,99.67,100.0875,0.20999999999999375,PS
9,12,750,99.8,99.59,99.99,0.20000000000000284,PS
9,13,750,99.71,99.51,99.9,0.19999999999998863,PS
9,14,750,99.64,99.44,99.83,0.20000000000000284,PS
9,15,750,99.61,99.41,99.79,0.18999999999999773,PS
9,16,750,99.61,99.41,99.79,0.18999999999999773,PS
9,17,750,99.64,99.44,99.82,0.18999999999999773,PS
9,18,750,99.69,99.49,99.88,0.18999999999999773,PS
9,19,750,99.76,99.57,99.95,0.19000000000001194,PS
9,20,750,99.84,99.64,100.03,0.18999999999999773,PS
9,21,750,99.89,99.69,100.07,0.18999999999999773,PS
9,22,750,99.9,99.69,100.08,0.19999999999998863,PS
9,23,750,99.87,99.68,100.07,0.19999999999998863,PS
10,0,775,100.38,100.17,100.6,0.21000000000000796,PS
10,1,775,100.35,100.13,100.57,0.21999999999999886,PS
10,2,775,100.32,100.1,100.54,0.22000000000001307,PS
10,3,775,100.32,100.1,100.53,0.21999999999999886,PS
10,4,775,100.33,100.12,100.55,0.21999999999999886,PS
10,5,775,100.38,100.16,100.6,0.21999999999999886,PS
10,6,775,100.44,100.22,100.67,0.21999999999999886,PS
10,7,775,100.51,100.28,100.73,0.22999999999998977,PS
10,8,775,100.57,100.33,100.78,0.22999999999998977,PS
10,9,775,100.59,100.35,100.8,0.22999999999998977,PS
10,10,775,100.55,100.31,100.76,0.21999999999999886,PS
10,11,775,100.46,100.235,100.67500000000001,0.22000000000001307,PS
10,12,775,100.36,100.13,100.57,0.21999999999999886,PS
10,13,775,100.25,100.03,100.47,0.21999999999999886,PS
10,14,775,100.18,99.96,100.39500000000001,0.21999999999999886,PS
10,15,775,100.15,99.94,100.36,0.21000000000000796,PS
10,16,775,100.16,99.94,100.36,0.21999999999999886,PS
10,17,775,100.19,99.975,100.4,0.21000000000000796,PS
10,18,775,100.25,100.04,100.465,0.20999999999999375,PS
10,19,775,100.33,100.12,100.55,0.21999999999999886,PS
10,20,775,100.4,100.19,100.62,0.21000000000000796,PS
10,21,775,100.44,100.24,100.65,0.20999999999999375,PS
10,22,775,100.45,100.24,100.65,0.20999999999999375,PS
10,23,775,100.43,100.23,100.65,0.20999999999999375,PS
11,0,750,100.67,100.4,100.92,0.25,PS
11,1,750,100.63,100.3725,100.89,0.2599999999999909,PS
11,2,750,100.62,100.34,100.87,0.269999999999996,PS
11,3,750,100.61,100.33,100.87,0.269999999999996,PS
11,4,750,100.63,100.34,100.9,0.28000000000000114,PS
11,5,750,100.67500000000001,100.38,100.95,0.2849999999999824,PS
11,6,750,100.75,100.46,101.02,0.28000000000000114,PS
11,7,750,100.82,100.52,101.0875,0.28000000000000114,PS
11,8,750,100.87,100.58,101.14750000000001,0.28000000000000114,PS
11,9,750,100.9,100.60249999999999,101.16,0.28000000000000114,PS
11,10,750,100.86,100.56,101.13,0.28000000000000114,PS
11,11,750,100.76,100.46249999999999,101.0275,0.28000000000000114,PS
11,12,750,100.64,100.34,100.89,0.28000000000000114,PS
11,13,750,100.53,100.23,100.78750000000001,0.28000000000000114,PS
11,14,750,100.45,100.16,100.71,0.28000000000000114,PS
11,15,750,100.42,100.14,100.68,0.28000000000000114,PS
11,16,750,100.43,100.15,100.69,0.2799999999999869,PS
11,17,750,100.47,100.19,100.73,0.28000000000000114,PS
11,18,750,100.54,100.2525,100.7975,0.27000000000001023,PS
11,19,750,100.61500000000001,100.33,100.87,0.2650000000000148,PS
11,20,750,100.66499999999999,100.3925,100.92,0.26499999999998636,PS
11,21,750,100.69,100.43,100.95,0.2599999999999909,PS
11,22,750,100.69,100.45,100.95,0.2599999999999909,PS
11,23,750,100.69,100.43,100.94,0.25,PS
12,0,775,100.95,100.64,101.27,0.3199999999999932,PS
12,1,775,100.93,100.62,101.25,0.3199999999999932,PS
12,2,775,100.9,100.6,101.23,0.3199999999999932,PS
12,3,775,100.92,100.595,101.235,0.3199999999999932,PS
12,4,775,100.93,100.61500000000001,101.26,0.3299999999999983,PS
12,5,775,100.97,100.66,101.315,0.3200000000000074,PS
12,6,775,101.04,100.725,101.39,0.3299999999999983,PS
12,7,775,101.12,100.8,101.47,0.3399999999999892,PS
12,8,775,101.18,100.86500000000001,101.53,0.3299999999999983,PS
12,9,775,101.21,100.9,101.545,0.3299999999999983,PS
12,10,775,101.16,100.85,101.49,0.3200000000000074,PS
12,11,775,101.05,100.74,101.38,0.3199999999999932,PS
12,12,775,100.93,100.61500000000001,101.24,0.3100000000000023,PS
12,13,775,100.81,100.495,101.12,0.3100000000000023,PS
12,14,775,100.73,100.42500000000001,101.03,0.29999999999999716,PS
12,15,775,100.71,100.4,101.01,0.30000000000001137,PS
12,16,775,100.73,100.42,101.03,0.3100000000000023,PS
12,17,775,100.77,100.465,101.065,0.29999999999999716,PS
12,18,775,100.84,100.54,101.13,0.29000000000000625,PS
12,19,775,100.91,100.60499999999999,101.19,0.29999999999999716,PS
12,20,775,100.95,100.65,101.25,0.29999999999999716,PS
12,21,775,100.98,100.67,101.28,0.3100000000000023,PS
12,22,775,100.98,100.67,101.29,0.3100000000000023,PS
12,23,775,100.97,100.67,101.29,0.3199999999999932,PS
1,0,775,1.03,0.84,1.51,0.30000000000000004,WS2M
1,1,775,1.03,0.79,1.54,0.31000000000000005,WS2M
1,2,775,1.04,0.795,1.59,0.33000000000000007,WS2M
1,3,775,1.07,0.795,1.66,0.3500000000000001,WS2M
1,4,775,1.1,0.8,1.7149999999999999,0.3699999999999999,WS2M
1,5,775,1.1,0.82,1.66,0.3600000000000001,WS2M
1,6,775,1.14,0.82,1.68,0.3899999999999999,WS2M
1,7,775,1.98,1.335,2.575,0.6199999999999999,WS2M
1,8,775,2.39,1.64,3.15,0.7599999999999998,WS2M
1,9,775,2.64,1.77,3.455,0.8500000000000001,WS2M
1,10,775,2.66,1.82,3.415,0.81,WS2M
1,11,775,2.56,1.71,3.1950000000000003,0.7199999999999998,WS2M
1,12,775,2.36,1.66,3.005,0.6699999999999999,WS2M
1,13,775,2.25,1.62,2.92,0.6599999999999999,WS2M
1,14,775,2.19,1.65,2.88,0.5899999999999999,WS2M
1,15,775,2.16,1.69,2.86,0.5800000000000001,WS2M
1,16,775,1.64,1.1949999999999998,2.365,0.5199999999999998,WS2M
1,17,775,1.11,0.86,1.6949999999999998,0.33000000000000007,WS2M
1,18,775,1.22,0.95,1.975,0.37,WS2M
1,19,775,1.33,1.0,2.07,0.43000000000000005,WS2M
1,20,775,1.33,1.01,1.875,0.3999999999999999,WS2M
1,21,775,1.25,0.98,1.64,0.31999999999999995,WS2M
1,22,775,1.14,0.93,1.5550000000000002,0.2799999999999999,WS2M
1,23,775,1.08,0.875,1.53,0.27,WS2M
2,0,706,1.2149999999999999,0.95,1.7349999999999999,0.33499999999999985,WS2M
2,1,706,1.1749999999999998,0.89,1.77,0.3450000000000002,WS2M
2,2,706,1.145,0.86,1.8075,0.375,WS2M
2,3,706,1.15,0.84,1.8475000000000001,0.3899999999999999,WS2M
2,4,706,1.13,0.84,1.7775,0.395,WS2M
2,5,706,1.13,0.83,1.73,0.3899999999999999,WS2M
2,6,706,1.24,0.85,1.9575,0.49,WS2M
2,7,706,2.275,1.6125,2.9575,0.6749999999999998,WS2M
2,8,706,2.73,1.8725,3.55,0.84,WS2M
2,9,706,2.9050000000000002,2.01,3.7575,0.8649999999999998,WS2M
2,10,706,2.84,2.0,3.6575,0.8300000000000001,WS2M
2,11,706,2.69,1.9425,3.5075,0.7800000000000002,WS2M
2,12,706,2.575,1.93,3.38,0.7050000000000001,WS2M
2,13,706,2.57,1.88,3.34,0.7299999999999998,WS2M
2,14,706,2.67,1.9024999999999999,3.45,0.7800000000000001,WS2M
2,15,706,2.78,2.07,3.6375,0.7749999999999999,WS2M
2,16,706,2.525,1.8625,3.455,0.7549999999999999,WS2M
2,17,706,1.65,1.12,2.74,0.6699999999999999,WS2M
2,18,706,1.81,1.15,2.91,0.7799999999999999,WS2M
2,19,706,1.975,1.2525,2.87,0.7750000000000001,WS2M
2,20,706,1.89,1.29,2.49,0.5999999999999999,WS2M
2,21,706,1.65,1.23,2.1,0.43500000000000005,WS2M
2,22,706,1.43,1.13,1.91,0.3400000000000001,WS2M
2,23,706,1.3,1.03,1.79,0.33000000000000007,WS2M
3,0,775,1.29,1.0,1.77,0.3500000000000001,WS2M
3,1,775,1.22,0.92,1.69,0.36,WS2M
3,2,775,1.18,0.87,1.66,0.36,WS2M
3,3,775,1.14,0.84,1.67,0.3599999999999999,WS2M
3,4,775,1.13,0.84,1.6749999999999998,0.3699999999999999,WS2M
3,5,775,1.11,0.815,1.63,0.3500000000000001,WS2M
3,6,775,1.55,1.04,2.12,0.5399999999999998,WS2M
3,7,775,2.33,1.71,2.935,0.6099999999999999,WS2M
3,8,775,2.72,1.97,3.63,0.8399999999999999,WS2M
3,9,775,2.76,2.0,3.71,0.8499999999999999,WS2M
3,10,775,2.71,1.95,3.635,0.81,WS2M
3,11,775,2.63,1.88,3.45,0.7899999999999998,WS2M
3,12,775,2.6,1.85,3.375,0.76,WS2M
3,13,775,2.64,1.9049999999999998,3.375,0.7399999999999998,WS2M
3,14,775,2.78,2.08,3.56,0.7599999999999998,WS2M
3,15,775,2.99,2.25,3.83,0.79,WS2M
3,16,775,2.99,2.19,3.86,0.8300000000000001,WS2M
3,17,775,2.26,1.47,3.21,0.8600000000000003,WS2M
3,18,775,2.24,1.41,3.045,0.8200000000000003,WS2M
3,19,775,2.39,1.5950000000000002,3.02,0.6700000000000002,WS2M
3,20,775,2.2,1.59,2.675,0.5300000000000002,WS2M
3,21,775,1.85,1.45,2.31,0.43999999999999995,WS2M
3,22,775,1.62,1.26,2.02,0.3799999999999999,WS2M
3,23,775,1.44,1.12,1.84,0.3599999999999999,WS2M
4,0,750,1.35,1.0025,1.7975,0.3999999999999999,WS2M
4,1,750,1.26,0.91,1.69,0.39499999999999996,WS2M
4,2,750,1.19,0.8325,1.6,0.3800000000000001,WS2M
4,3,750,1.14,0.82,1.56,0.3599999999999999,WS2M
4,4,750,1.11,0.8025,1.5075,0.33999999999999986,WS2M
4,5,750,1.07,0.81,1.4875,0.32499999999999996,WS2M
4,6,750,1.78,1.27,2.23,0.48,WS2M
4,7,750,2.2649999999999997,1.6424999999999998,2.85,0.5900000000000003,WS2M
4,8,750,2.51,1.8,3.24,0.72,WS2M
4,9,750,2.5549999999999997,1.84,3.3475,0.7500000000000002,WS2M
4,10,750,2.495,1.75,3.3,0.7749999999999999,WS2M
4,11,750,2.385,1.6324999999999998,3.2575,0.8200000000000001,WS2M
4,12,750,2.34,1.5725,3.2575,0.8400000000000003,WS2M
4,13,750,2.4,1.65,3.2275,0.7749999999999999,WS2M
4,14,750,2.565,1.84,3.38,0.765,WS2M
4,15,750,2.785,2.05,3.615,0.7749999999999999,WS2M
4,16,750,2.88,2.09,3.66,0.79,WS2M
4,17,750,2.465,1.66,3.3,0.805,WS2M
4,18,750,2.29,1.39,3.0675,0.8399999999999999,WS2M
4,19,750,2.53,1.64,3.09,0.6700000000000004,WS2M
4,20,750,2.4,1.69,2.84,0.5300000000000002,WS2M
4,21,750,2.135,1.5125,2.48,0.45000000000000007,WS2M
4,22,750,1.79,1.33,2.1775,0.41999999999999993,WS2M
4,23,750,1.53,1.1624999999999999,1.96,0.3900000000000001,WS2M
5,0,775,1.19,0.85,1.59,0.3600000000000001,WS2M
5,1,775,1.09,0.775,1.5550000000000002,0.3699999999999999,WS2M
5,2,775,1.07,0.74,1.4849999999999999,0.3600000000000001,WS2M
5,3,775,1.04,0.71,1.46,0.3599999999999999,WS2M
5,4,775,1.01,0.73,1.45,0.35,WS2M
5,5,775,1.03,0.755,1.475,0.3599999999999999,WS2M
5,6,775,1.76,1.29,2.18,0.43999999999999995,WS2M
5,7,775,2.06,1.56,2.56,0.5,WS2M
5,8,775,2.22,1.665,2.88,0.6099999999999999,WS2M
5,9,775,2.27,1.66,2.95,0.6400000000000001,WS2M
5,10,775,2.2,1.605,2.9400000000000004,0.6500000000000001,WS2M
5,11,775,2.11,1.5,2.935,0.6800000000000002,WS2M
5,12,775,2.09,1.43,2.895,0.7,WS2M
5,13,775,2.13,1.52,2.92,0.69,WS2M
5,14,775,2.26,1.67,3.0,0.6300000000000003,WS2M
5,15,775,2.42,1.755,3.09,0.6699999999999999,WS2M
5,16,775,2.38,1.75,3.03,0.6499999999999999,WS2M
5,17,775,2.0,1.52,2.67,0.5499999999999998,WS2M
5,18,775,1.61,1.09,2.3,0.5700000000000001,WS2M
5,19,775,1.79,1.19,2.4850000000000003,0.6400000000000001,WS2M
5,20,775,1.84,1.28,2.4050000000000002,0.56,WS2M
5,21,775,1.71,1.2349999999999999,2.17,0.47,WS2M
5,22,775,1.49,1.12,1.92,0.3999999999999999,WS2M
5,23,775,1.32,0.98,1.74,0.3600000000000001,WS2M
6,0,750,1.04,0.79,1.34,0.27,WS2M
6,1,750,0.97,0.72,1.28,0.28,WS2M
6,2,750,0.92,0.67,1.27,0.28,WS2M
6,3,750,0.89,0.65,1.27,0.30000000000000004,WS2M
6,4,750,0.88,0.61,1.24,0.30000000000000004,WS2M
6,5,750,0.89,0.6,1.27,0.32999999999999996,WS2M
6,6,750,1.43,0.96,1.82,0.43000000000000016,WS2M
6,7,750,1.68,1.21,2.1375,0.4600000000000002,WS2M
6,8,750,1.84,1.36,2.32,0.47999999999999987,WS2M
6,9,750,1.935,1.38,2.44,0.5350000000000001,WS2M
6,10,750,1.89,1.35,2.4,0.5299999999999998,WS2M
6,11,750,1.8250000000000002,1.27,2.38,0.5550000000000002,WS2M
6,12,750,1.71,1.1824999999999999,2.3675,0.5700000000000001,WS2M
6,13,750,1.72,1.1724999999999999,2.38,0.575,WS2M
6,14,750,1.78,1.22,2.37,0.5800000000000001,WS2M
6,15,750,1.8050000000000002,1.28,2.43,0.5650000000000001,WS2M
6,16,750,1.78,1.32,2.33,0.4999999999999999,WS2M
6,17,750,1.6,1.23,2.0075,0.3800000000000001,WS2M
6,18,750,1.2149999999999999,0.9,1.6,0.34499999999999986,WS2M
6,19,750,1.35,1.0,1.7775,0.3900000000000001,WS2M
6,20,750,1.42,1.05,1.83,0.395,WS2M
6,21,750,1.38,1.04,1.75,0.34999999999999987,WS2M
6,22,750,1.27,0.99,1.6,0.30000000000000004,WS2M
6,23,750,1.14,0.87,1.46,0.29000000000000004,WS2M
7,0,775,0.96,0.73,1.26,0.26,WS2M
7,1,775,0.88,0.66,1.2,0.25,WS2M
7,2,775,0.83,0.62,1.1749999999999998,0.25,WS2M
7,3,775,0.79,0.6,1.14,0.24,WS2M
7,4,775,0.78,0.59,1.13,0.22999999999999998,WS2M
7,5,775,0.82,0.59,1.16,0.2599999999999999,WS2M
7,6,775,1.37,0.99,1.795,0.4099999999999999,WS2M
7,7,775,1.66,1.23,2.125,0.44999999999999996,WS2M
7,8,775,1.87,1.32,2.3449999999999998,0.52,WS2M
7,9,775,1.94,1.3849999999999998,2.49,0.5500000000000003,WS2M
7,10,775,1.93,1.34,2.51,0.5899999999999999,WS2M
7,11,775,1.89,1.27,2.5149999999999997,0.6199999999999999,WS2M
7,12,775,1.81,1.23,2.51,0.6400000000000001,WS2M
7,13,775,1.84,1.24,2.51,0.6400000000000001,WS2M
7,14,775,1.84,1.27,2.475,0.6100000000000001,WS2M
7,15,775,1.79,1.27,2.465,0.6099999999999999,WS2M
7,16,775,1.7,1.22,2.295,0.5400000000000003,WS2M
7,17,775,1.55,1.145,1.97,0.41000000000000014,WS2M
7,18,775,1.11,0.79,1.53,0.3500000000000001,WS2M
7,19,775,1.22,0.86,1.7,0.4,WS2M
7,20,775,1.3,0.925,1.775,0.42000000000000004,WS2M
7,21,775,1.25,0.94,1.68,0.37,WS2M
7,22,775,1.17,0.885,1.5350000000000001,0.30999999999999994,WS2M
7,23,775,1.06,0.82,1.39,0.28,WS2M
8,0,775,0.83,0.64,1.085,0.20999999999999996,WS2M
8,1,775,0.76,0.6,1.05,0.19999999999999996,WS2M
8,2,775,0.72,0.57,1.0350000000000001,0.19999999999999996,WS2M
8,3,775,0.72,0.54,1.04,0.20999999999999996,WS2M
8,4,775,0.71,0.535,1.03,0.20999999999999996,WS2M
8,5,775,0.73,0.52,1.045,0.24,WS2M
8,6,775,1.17,0.78,1.63,0.41000000000000014,WS2M
8,7,775,1.52,1.02,2.01,0.49,WS2M
8,8,775,1.7,1.16,2.26,0.55,WS2M
8,9,775,1.8,1.22,2.44,0.6000000000000001,WS2M
8,10,775,1.78,1.24,2.47,0.6100000000000001,WS2M
8,11,775,1.76,1.23,2.46,0.6100000000000001,WS2M
8,12,775,1.73,1.1949999999999998,2.435,0.6200000000000001,WS2M
8,13,775,1.69,1.15,2.38,0.5899999999999999,WS2M
8,14,775,1.65,1.14,2.37,0.5999999999999999,WS2M
8,15,775,1.6,1.1150000000000002,2.2350000000000003,0.54,WS2M
8,16,775,1.47,1.06,1.94,0.43999999999999995,WS2M
8,17,775,1.27,0.95,1.61,0.33000000000000007,WS2M
8,18,775,0.89,0.66,1.21,0.26,WS2M
8,19,775,0.98,0.72,1.35,0.29000000000000004,WS2M
8,20,775,1.05,0.76,1.41,0.31000000000000005,WS2M
8,21,775,1.01,0.765,1.375,0.28,WS2M
8,22,775,0.96,0.74,1.29,0.26,WS2M
8,23,775,0.89,0.69,1.1749999999999998,0.22999999999999998,WS2M
9,0,750,0.79,0.63,1.1075000000000002,0.20999999999999996,WS2M
9,1,750,0.75,0.6,1.1,0.19999999999999996,WS2M
9,2,750,0.76,0.59,1.15,0.21999999999999997,WS2M
9,3,750,0.775,0.5825,1.23,0.255,WS2M
9,4,750,0.8,0.59,1.2850000000000001,0.275,WS2M
9,5,750,0.82,0.6,1.31,0.29999999999999993,WS2M
9,6,750,1.2149999999999999,0.74,1.78,0.51,WS2M
9,7,750,1.8,1.19,2.36,0.5900000000000001,WS2M
9,8,750,1.9649999999999999,1.2325,2.6775,0.7200000000000001,WS2M
9,9,750,2.11,1.31,2.91,0.8000000000000003,WS2M
9,10,750,2.165,1.37,2.99,0.815,WS2M
9,11,750,2.15,1.3525,2.9575,0.8,WS2M
9,12,750,2.11,1.39,2.9075,0.7599999999999998,WS2M
9,13,750,2.05,1.44,2.79,0.6799999999999997,WS2M
9,14,750,2.045,1.47,2.6875,0.605,WS2M
9,15,750,1.92,1.46,2.47,0.5100000000000002,WS2M
9,16,750,1.61,1.22,2.09,0.43000000000000016,WS2M
9,17,750,1.21,0.97,1.49,0.26,WS2M
9,18,750,0.87,0.71,1.15,0.18999999999999995,WS2M
9,19,750,0.9,0.73,1.2275,0.21000000000000008,WS2M
9,20,750,0.94,0.74,1.26,0.24,WS2M
9,21,750,0.93,0.71,1.25,0.2400000000000001,WS2M
9,22,750,0.88,0.69,1.18,0.22000000000000003,WS2M
9,23,750,0.83,0.65,1.12,0.20999999999999996,WS2M
10,0,775,0.82,0.66,1.28,0.24,WS2M
10,1,775,0.83,0.63,1.34,0.2799999999999999,WS2M
10,2,775,0.86,0.62,1.45,0.30999999999999994,WS2M
10,3,775,0.92,0.645,1.525,0.3500000000000001,WS2M
10,4,775,0.99,0.7,1.545,0.3600000000000001,WS2M
10,5,775,1.02,0.72,1.53,0.35,WS2M
10,6,775,1.23,0.79,1.77,0.47,WS2M
10,7,775,2.03,1.48,2.55,0.5300000000000002,WS2M
10,8,775,2.2,1.65,2.965,0.6500000000000001,WS2M
10,9,775,2.4,1.8,3.25,0.73,WS2M
10,10,775,2.47,1.81,3.2649999999999997,0.7399999999999998,WS2M
10,11,775,2.44,1.815,3.23,0.7,WS2M
10,12,775,2.42,1.79,3.15,0.6699999999999999,WS2M
10,13,775,2.36,1.78,3.04,0.6199999999999999,WS2M
10,14,775,2.28,1.78,2.89,0.5599999999999998,WS2M
10,15,775,2.07,1.66,2.67,0.48999999999999977,WS2M
10,16,775,1.68,1.32,2.115,0.3800000000000001,WS2M
10,17,775,1.05,0.85,1.36,0.24,WS2M
10,18,775,0.93,0.755,1.255,0.21000000000000008,WS2M
10,19,775,0.95,0.77,1.35,0.24,WS2M
10,20,775,0.97,0.775,1.37,0.26,WS2M
10,21,775,0.96,0.77,1.31,0.24,WS2M
10,22,775,0.92,0.74,1.255,0.22000000000000008,WS2M
10,23,775,0.86,0.695,1.24,0.22000000000000008,WS2M
11,0,750,0.92,0.72,1.2575,0.23999999999999994,WS2M
11,1,750,0.94,0.72,1.3,0.26,WS2M
11,2,750,0.97,0.72,1.36,0.285,WS2M
11,3,750,1.03,0.76,1.44,0.32000000000000006,WS2M
11,4,750,1.065,0.7825,1.47,0.31499999999999995,WS2M
11,5,750,1.08,0.8,1.4675,0.31000000000000005,WS2M
11,6,750,1.125,0.81,1.5275,0.345,WS2M
11,7,750,1.9249999999999998,1.53,2.345,0.3999999999999999,WS2M
11,8,750,2.27,1.75,2.875,0.56,WS2M
11,9,750,2.45,1.7225,3.16,0.7199999999999998,WS2M
11,10,750,2.4850000000000003,1.72,3.21,0.7449999999999997,WS2M
11,11,750,2.4000000000000004,1.6524999999999999,3.1175,0.7400000000000001,WS2M
11,12,750,2.29,1.6125,3.0,0.69,WS2M
11,13,750,2.1950000000000003,1.5525,2.8850000000000002,0.65,WS2M
11,14,750,2.075,1.5325,2.77,0.605,WS2M
11,15,750,1.93,1.43,2.5075,0.5200000000000002,WS2M
11,16,750,1.39,1.04,1.9,0.3999999999999999,WS2M
11,17,750,0.91,0.7324999999999999,1.27,0.22000000000000008,WS2M
11,18,750,0.95,0.74,1.38,0.2699999999999999,WS2M
11,19,750,1.01,0.77,1.5175,0.32000000000000006,WS2M
11,20,750,1.03,0.7925,1.49,0.32000000000000006,WS2M
11,21,750,1.03,0.8,1.42,0.28,WS2M
11,22,750,0.995,0.79,1.3275000000000001,0.235,WS2M
11,23,750,0.94,0.77,1.26,0.21999999999999997,WS2M
12,0,775,1.0,0.79,1.42,0.26,WS2M
12,1,775,1.02,0.78,1.47,0.29000000000000004,WS2M
12,2,775,1.07,0.81,1.58,0.33000000000000007,WS2M
12,3,775,1.1,0.84,1.67,0.33000000000000007,WS2M
12,4,775,1.13,0.88,1.645,0.33000000000000007,WS2M
12,5,775,1.15,0.88,1.62,0.32999999999999996,WS2M
12,6,775,1.15,0.87,1.66,0.34999999999999987,WS2M
12,7,775,1.91,1.38,2.37,0.49,WS2M
12,8,775,2.34,1.7650000000000001,2.99,0.6300000000000003,WS2M
12,9,775,2.52,1.7850000000000001,3.355,0.79,WS2M
12,10,775,2.53,1.78,3.38,0.7800000000000002,WS2M
12,11,775,2.41,1.7,3.185,0.7400000000000002,WS2M
12,12,775,2.26,1.6,2.995,0.6799999999999997,WS2M
12,13,775,2.13,1.545,2.88,0.6599999999999999,WS2M
12,14,775,2.02,1.47,2.76,0.6299999999999999,WS2M
12,15,775,1.9,1.39,2.58,0.5700000000000003,WS2M
12,16,775,1.26,0.92,1.7349999999999999,0.3899999999999999,WS2M
12,17,775,0.93,0.745,1.245,0.22000000000000008,WS2M
12,18,775,1.01,0.795,1.415,0.28,WS2M
12,19,775,1.08,0.81,1.56,0.31000000000000005,WS2M
12,20,775,1.11,0.86,1.5,0.30000000000000004,WS2M
12,21,775,1.1,0.85,1.46,0.28000000000000014,WS2M
12,22,775,1.03,0.84,1.38,0.26,WS2M
12,23,775,1.0,0.82,1.375,0.26,WS2M
1,0,775,0.0,0.0,0.0,0.0,ALLSKY_SFC_SW_DWN
1,1,775,0.0,0.0,0.0,0.0,ALLSKY_SFC_SW_DWN
1,2,775,0.0,0.0,0.0,0.0,ALLSKY_SFC_SW_DWN
1,3,775,0.0,0.0,0.0,0.0,ALLSKY_SFC_SW_DWN
1,4,775,0.0,0.0,0.0,0.0,ALLSKY_SFC_SW_DWN
1,5,775,0.0,0.0,0.0,0.0,ALLSKY_SFC_SW_DWN
1,6,775,1.67,0.0,2.47,1.0699999999999998,ALLSKY_SFC_SW_DWN
1,7,775,49.55,35.66,68.425,15.519999999999996,ALLSKY_SFC_SW_DWN
1,8,775,123.85,87.61500000000001,166.70499999999998,38.75,ALLSKY_SFC_SW_DWN
1,9,775,177.77,119.89,278.375,69.65,ALLSKY_SFC_SW_DWN
1,10,775,264.92,174.615,390.29,102.57999999999998,ALLSKY_SFC_SW_DWN
1,11,775,299.48,199.885,431.065,112.16999999999996,ALLSKY_SFC_SW_DWN
1,12,775,327.35,209.56,476.425,129.17000000000002,ALLSKY_SFC_SW_DWN
1,13,775,303.45,196.26,440.71,116.07,ALLSKY_SFC_SW_DWN
1,14,775,243.95,153.0,357.70000000000005,97.39999999999998,ALLSKY_SFC_SW_DWN
1,15,775,157.65,107.445,226.12,55.75,ALLSKY_SFC_SW_DWN
1,16,775,73.07,49.185,104.475,26.5,ALLSKY_SFC_SW_DWN
1,17,775,6.35,4.46,10.45,2.55,ALLSKY_SFC_SW_DWN
1,18,775,0.0,0.0,0.0,0.0,ALLSKY_SFC_SW_DWN
1,19,775,0.0,0.0,0.0,0.0,ALLSKY_SFC_SW_DWN
1,20,775,0.0,0.0,0.0,0.0,ALLSKY_SFC_SW_DWN
1,21,775,0.0,0.0,0.0,0.0,ALLSKY_SFC_SW_DWN
1,22,775,0.0,0.0,0.0,0.0,ALLSKY_SFC_SW_DWN
1,23,775,0.0,0.0,0.0,0.0,ALLSKY_SFC_SW_DWN
2,0,706,0.0,0.0,0.0,0.0,ALLSKY_SFC_SW_DWN
2,1,706,0.0,0.0,0.0,0.0,ALLSKY_SFC_SW_DWN
2,2,706,0.0,0.0,0.0,0.0,ALLSKY_SFC_SW_DWN
2,3,706,0.0,0.0,0.0,0.0,ALLSKY_SFC_SW_DWN
2,4,706,0.0,0.0,0.0,0.0,ALLSKY_SFC_SW_DWN
2,5,706,0.0,0.0,0.0,0.0,ALLSKY_SFC_SW_DWN
2,6,706,4.4399999999999995,3.1,6.295,1.5100000000000007,ALLSKY_SFC_SW_DWN
2,7,706,58.849999999999994,43.4775,82.0225,18.425,ALLSKY_SFC_SW_DWN
2,8,706,141.375,105.77250000000001,195.3875,42.525000000000006,ALLSKY_SFC_SW_DWN
2,9,706,216.76,155.34,314.785,75.17499999999998,ALLSKY_SFC_SW_DWN
2,10,706,298.61,216.325,440.945,102.12500000000001,ALLSKY_SFC_SW_DWN
2,11,706,331.40999999999997,239.57999999999998,484.4525,108.765,ALLSKY_SFC_SW_DWN
2,12,706,356.31,251.66250000000002,525.385,122.01500000000001,ALLSKY_SFC_SW_DWN
2,13,706,329.59000000000003,242.635,476.7,110.64,ALLSKY_SFC_SW_DWN
2,14,706,279.635,195.22,407.2175,104.80000000000001,ALLSKY_SFC_SW_DWN
2,15,706,185.69,133.3625,281.1975,65.6,ALLSKY_SFC_SW_DWN
2,16,706,93.34,68.55499999999999,136.6,30.799999999999997,ALLSKY_SFC_SW_DWN
2,17,706,16.115,10.385000000000002,25.017500000000002,6.5600000000000005,ALLSKY_SFC_SW_DWN
2,18,706,0.0,0.0,0.0,0.0,ALLSKY_SFC_SW_DWN
2,19,706,0.0,0.0,0.0,0.0,ALLSKY_SFC_SW_DWN
2,20,706,0.0,0.0,0.0,0.0,ALLSKY_SFC_SW_DWN
2,21,706,0.0,0.0,0.0,0.0,ALLSKY_SFC_SW_DWN
2,22,706,0.0,0.0,0.0,0.0,ALLSKY_SFC_SW_DWN
2,23,706,0.0,0.0,0.0,0.0,ALLSKY_SFC_SW_DWN
3,0,775,0.0,0.0,0.0,0.0,ALLSKY_SFC_SW_DWN
3,1,775,0.0,0.0,0.0,0.0,ALLSKY_SFC_SW_DWN
3,2,775,0.0,0.0,0.0,0.0,ALLSKY_SFC_SW_DWN
3,3,775,0.0,0.0,0.0,0.0,ALLSKY_SFC_SW_DWN
3,4,775,0.0,0.0,0.0,0.0,ALLSKY_SFC_SW_DWN
3,5,775,0.0,0.0,0.0,0.0,ALLSKY_SFC_SW_DWN
3,6,775,15.27,10.0,21.9,5.75,ALLSKY_SFC_SW_DWN
3,7,775,91.57,69.075,118.55,24.28,ALLSKY_SFC_SW_DWN
3,8,775,193.32,146.45999999999998,252.625,52.08000000000001,ALLSKY_SFC_SW_DWN
3,9,775,291.65,223.5,384.41499999999996,78.47000000000003,ALLSKY_SFC_SW_DWN
3,10,775,364.33,276.065,479.485,98.18,ALLSKY_SFC_SW_DWN
3,11,775,375.55,291.765,491.31,93.38,ALLSKY_SFC_SW_DWN
3,12,775,388.23,294.46500000000003,513.21,103.84999999999997,ALLSKY_SFC_SW_DWN
3,13,775,367.6,267.81,489.5,107.02000000000004,ALLSKY_SFC_SW_DWN
3,14,775,302.15,219.0,407.025,92.04999999999998,ALLSKY_SFC_SW_DWN
3,15,775,207.45,151.375,281.385,63.94999999999999,ALLSKY_SFC_SW_DWN
3,16,775,105.95,78.44,143.22500000000002,30.92,ALLSKY_SFC_SW_DWN
3,17,775,25.8,17.354999999999997,38.915000000000006,10.030000000000001,ALLSKY_SFC_SW_DWN
3,18,775,0.0,0.0,0.0,0.0,ALLSKY_SFC_SW_DWN
3,19,775,0.0,0.0,0.0,0.0,ALLSKY_SFC_SW_DWN
3,20,775,0.0,0.0,0.0,0.0,ALLSKY_SFC_SW_DWN
3,21,775,0.0,0.0,0.0,0.0,ALLSKY_SFC_SW_DWN
3,22,775,0.0,0.0,0.0,0.0,ALLSKY_SFC_SW_DWN
3,23,775,0.0,0.0,0.0,0.0,ALLSKY_SFC_SW_DWN
4,0,750,0.0,0.0,0.0,0.0,ALLSKY_SFC_SW_DWN
4,1,750,0.0,0.0,0.0,0.0,ALLSKY_SFC_SW_DWN
4,2,750,0.0,0.0,0.0,0.0,ALLSKY_SFC_SW_DWN
4,3,750,0.0,0.0,0.0,0.0,ALLSKY_SFC_SW_DWN
4,4,750,0.0,0.0,0.0,0.0,ALLSKY_SFC_SW_DWN
4,5,750,1.315,0.0,3.3725,1.315,ALLSKY_SFC_SW_DWN
4,6,750,48.855000000000004,34.045,65.975,15.325000000000003,ALLSKY_SFC_SW_DWN
4,7,750,141.59,108.0175,186.7775,38.50999999999999,ALLSKY_SFC_SW_DWN
4,8,750,256.525,185.6775,334.075,73.19,ALLSKY_SFC_SW_DWN
4,9,750,368.675,279.68,473.805,96.435,ALLSKY_SFC_SW_DWN
4,10,750,457.26,336.425,594.22,128.065,ALLSKY_SFC_SW_DWN
4,11,750,468.985,344.97499999999997,640.415,144.265,ALLSKY_SFC_SW_DWN
4,12,750,506.925,356.3375,666.99,154.28500000000003,ALLSKY_SFC_SW_DWN
4,13,750,475.985,339.08,639.905,145.35000000000002,ALLSKY_SFC_SW_DWN
4,14,750,408.96000000000004,284.4825,529.865,123.37499999999994,ALLSKY_SFC_SW_DWN
4,15,750,281.84000000000003,194.37,380.3475,92.23499999999996,ALLSKY_SFC_SW_DWN
4,16,750,152.01,107.555,208.1425,49.120000000000005,ALLSKY_SFC_SW_DWN
4,17,750,51.144999999999996,35.28,69.78999999999999,16.805000000000007,ALLSKY_SFC_SW_DWN
4,18,750,0.0,0.0,0.0,0.0,ALLSKY_SFC_SW_DWN
4,19,750,0.0,0.0,0.0,0.0,ALLSKY_SFC_SW_DWN
4,20,750,0.0,0.0,0.0,0.0,ALLSKY_SFC_SW_DWN
4,21,750,0.0,0.0,0.0,0.0,ALLSKY_SFC_SW_DWN
4,22,750,0.0,0.0,0.0,0.0,ALLSKY_SFC_SW_DWN
4,23,750,0.0,0.0,0.0,0.0,ALLSKY_SFC_SW_DWN
5,0,775,0.0,0.0,0.0,0.0,ALLSKY_SFC_SW_DWN
5,1,775,0.0,0.0,0.0,0.0,ALLSKY_SFC_SW_DWN
5,2,775,0.0,0.0,0.0,0.0,ALLSKY_SFC_SW_DWN
5,3,775,0.0,0.0,0.0,0.0,ALLSKY_SFC_SW_DWN
5,4,775,0.0,0.0,0.0,0.0,ALLSKY_SFC_SW_DWN
5,5,775,8.82,6.53,11.81,2.6000000000000005,ALLSKY_SFC_SW_DWN
5,6,775,86.15,60.515,109.435,24.39999999999999,ALLSKY_SFC_SW_DWN
5,7,775,198.62,141.815,250.44,54.109999999999985,ALLSKY_SFC_SW_DWN
5,8,775,322.55,232.0,421.6,97.09999999999997,ALLSKY_SFC_SW_DWN
5,9,775,460.58,333.695,590.24,128.0,ALLSKY_SFC_SW_DWN
5,10,775,570.47,420.765,708.845,144.77999999999997,ALLSKY_SFC_SW_DWN
5,11,775,619.33,453.565,774.76,160.62,ALLSKY_SFC_SW_DWN
5,12,775,664.75,471.825,796.415,151.95000000000005,ALLSKY_SFC_SW_DWN
5,13,775,618.35,458.86,748.315,141.73000000000002,ALLSKY_SFC_SW_DWN
5,14,775,529.0,390.25,645.325,125.5,ALLSKY_SFC_SW_DWN
5,15,775,394.8,271.1,480.985,100.34999999999997,ALLSKY_SFC_SW_DWN
5,16,775,224.02,157.85000000000002,280.935,61.87999999999997,ALLSKY_SFC_SW_DWN
5,17,775,85.6,61.775,106.81,22.180000000000007,ALLSKY_SFC_SW_DWN
5,18,775,4.68,3.47,6.47,1.4400000000000004,ALLSKY_SFC_SW_DWN
5,19,775,0.0,0.0,0.0,0.0,ALLSKY_SFC_SW_DWN
5,20,775,0.0,0.0,0.0,0.0,ALLSKY_SFC_SW_DWN
5,21,775,0.0,0.0,0.0,0.0,ALLSKY_SFC_SW_DWN
5,22,775,0.0,0.0,0.0,0.0,ALLSKY_SFC_SW_DWN
5,23,775,0.0,0.0,0.0,0.0,ALLSKY_SFC_SW_DWN
6,0,750,0.0,0.0,0.0,0.0,ALLSKY_SFC_SW_DWN
6,1,750,0.0,0.0,0.0,0.0,ALLSKY_SFC_SW_DWN
6,2,750,0.0,0.0,0.0,0.0,ALLSKY_SFC_SW_DWN
6,3,750,0.0,0.0,0.0,0.0,ALLSKY_SFC_SW_DWN
6,4,750,0.0,0.0,0.0,0.0,ALLSKY_SFC_SW_DWN
6,5,750,11.7,8.6125,14.365,2.8199999999999985,ALLSKY_SFC_SW_DWN
6,6,750,94.55,69.7475,120.1525,25.39999999999999,ALLSKY_SFC_SW_DWN
6,7,750,216.69,159.95499999999998,267.91,54.42500000000001,ALLSKY_SFC_SW_DWN
6,8,750,360.175,265.1125,442.26,88.13999999999999,ALLSKY_SFC_SW_DWN
6,9,750,501.28999999999996,390.89250000000004,600.13,104.71499999999995,ALLSKY_SFC_SW_DWN
6,10,750,612.49,475.3025,722.0625,122.28499999999997,ALLSKY_SFC_SW_DWN
6,11,750,655.6099999999999,515.675,769.9125,123.72500000000002,ALLSKY_SFC_SW_DWN
6,12,750,682.325,545.4549999999999,790.8675000000001,120.90999999999997,ALLSKY_SFC_SW_DWN
6,13,750,646.525,515.6949999999999,736.235,103.83499999999998,ALLSKY_SFC_SW_DWN
6,14,750,546.75,434.9225,631.5225,95.64000000000001,ALLSKY_SFC_SW_DWN
6,15,750,415.47,327.095,482.695,76.79000000000002,ALLSKY_SFC_SW_DWN
6,16,750,253.20499999999998,198.1275,298.175,49.835000000000036,ALLSKY_SFC_SW_DWN
6,17,750,108.725,88.8125,127.89500000000001,19.799999999999997,ALLSKY_SFC_SW_DWN
6,18,750,10.82,8.27,13.0425,2.3900000000000006,ALLSKY_SFC_SW_DWN
6,19,750,0.0,0.0,0.0,0.0,ALLSKY_SFC_SW_DWN
6,20,750,0.0,0.0,0.0,0.0,ALLSKY_SFC_SW_DWN
6,21,750,0.0,0.0,0.0,0.0,ALLSKY_SFC_SW_DWN
6,22,750,0.0,0.0,0.0,0.0,ALLSKY_SFC_SW_DWN
6,23,750,0.0,0.0,0.0,0.0,ALLSKY_SFC_SW_DWN
7,0,775,0.0,0.0,0.0,0.0,ALLSKY_SFC_SW_DWN
7,1,775,0.0,0.0,0.0,0.0,ALLSKY_SFC_SW_DWN
7,2,775,0.0,0.0,0.0,0.0,ALLSKY_SFC_SW_DWN
7,3,775,0.0,0.0,0.0,0.0,ALLSKY_SFC_SW_DWN
7,4,775,0.0,0.0,0.0,0.0,ALLSKY_SFC_SW_DWN
7,5,775,7.12,5.32,9.415,1.9999999999999991,ALLSKY_SFC_SW_DWN
7,6,775,89.45,62.715,113.11500000000001,24.650000000000006,ALLSKY_SFC_SW_DWN
7,7,775,213.32,158.36,273.45,59.18000000000001,ALLSKY_SFC_SW_DWN
7,8,775,363.7,261.81,450.55,92.0,ALLSKY_SFC_SW_DWN
7,9,775,506.35,377.835,608.1600000000001,112.10000000000002,ALLSKY_SFC_SW_DWN
7,10,775,619.5,467.86,724.435,119.85000000000002,ALLSKY_SFC_SW_DWN
7,11,775,661.17,498.65999999999997,784.0799999999999,135.81999999999994,ALLSKY_SFC_SW_DWN
7,12,775,690.17,514.15,814.935,140.75,ALLSKY_SFC_SW_DWN
7,13,775,655.35,487.76,755.315,120.80000000000007,ALLSKY_SFC_SW_DWN
7,14,775,550.05,396.28499999999997,641.75,111.42000000000007,ALLSKY_SFC_SW_DWN
7,15,775,413.75,290.635,490.59000000000003,92.01999999999998,ALLSKY_SFC_SW_DWN
7,16,775,254.82,181.49,306.79999999999995,60.389999999999986,ALLSKY_SFC_SW_DWN
7,17,775,112.62,82.965,136.15,26.180000000000007,ALLSKY_SFC_SW_DWN
7,18,775,11.85,8.465,14.940000000000001,3.2699999999999996,ALLSKY_SFC_SW_DWN
7,19,775,0.0,0.0,0.0,0.0,ALLSKY_SFC_SW_DWN
7,20,775,0.0,0.0,0.0,0.0,ALLSKY_SFC_SW_DWN
7,21,775,0.0,0.0,0.0,0.0,ALLSKY_SFC_SW_DWN
7,22,775,0.0,0.0,0.0,0.0,ALLSKY_SFC_SW_DWN
7,23,775,0.0,0.0,0.0,0.0,ALLSKY_SFC_SW_DWN
8,0,775,0.0,0.0,0.0,0.0,ALLSKY_SFC_SW_DWN
8,1,775,0.0,0.0,0.0,0.0,ALLSKY_SFC_SW_DWN
8,2,775,0.0,0.0,0.0,0.0,ALLSKY_SFC_SW_DWN
8,3,775,0.0,0.0,0.0,0.0,ALLSKY_SFC_SW_DWN
8,4,775,0.0,0.0,0.0,0.0,ALLSKY_SFC_SW_DWN
8,5,775,2.72,0.585,3.8,1.25,ALLSKY_SFC_SW_DWN
8,6,775,73.88,51.86,92.29,19.459999999999994,ALLSKY_SFC_SW_DWN
8,7,775,202.75,138.82,252.175,56.69999999999999,ALLSKY_SFC_SW_DWN
8,8,775,354.85,242.625,439.54999999999995,96.44999999999999,ALLSKY_SFC_SW_DWN
8,9,775,501.1,356.955,612.1600000000001,122.42999999999995,ALLSKY_SFC_SW_DWN
8,10,775,619.38,457.49,731.535,127.63,ALLSKY_SFC_SW_DWN
8,11,775,682.4,487.575,793.01,133.25,ALLSKY_SFC_SW_DWN
8,12,775,695.35,505.01,809.6,137.73000000000002,ALLSKY_SFC_SW_DWN
8,13,775,644.17,475.325,751.925,128.48000000000002,ALLSKY_SFC_SW_DWN
8,14,775,534.08,384.29999999999995,637.75,120.87,ALLSKY_SFC_SW_DWN
8,15,775,383.38,260.875,471.84000000000003,103.11000000000001,ALLSKY_SFC_SW_DWN
8,16,775,224.43,150.825,278.53499999999997,60.170000000000016,ALLSKY_SFC_SW_DWN
8,17,775,84.05,60.34,104.03999999999999,21.65,ALLSKY_SFC_SW_DWN
8,18,775,3.78,1.55,6.3,2.47,ALLSKY_SFC_SW_DWN
8,19,775,0.0,0.0,0.0,0.0,ALLSKY_SFC_SW_DWN
8,20,775,0.0,0.0,0.0,0.0,ALLSKY_SFC_SW_DWN
8,21,775,0.0,0.0,0.0,0.0,ALLSKY_SFC_SW_DWN
8,22,775,0.0,0.0,0.0,0.0,ALLSKY_SFC_SW_DWN
8,23,775,0.0,0.0,0.0,0.0,ALLSKY_SFC_SW_DWN
9,0,750,0.0,0.0,0.0,0.0,ALLSKY_SFC_SW_DWN
9,1,750,0.0,0.0,0.0,0.0,ALLSKY_SFC_SW_DWN
9,2,750,0.0,0.0,0.0,0.0,ALLSKY_SFC_SW_DWN
9,3,750,0.0,0.0,0.0,0.0,ALLSKY_SFC_SW_DWN
9,4,750,0.0,0.0,0.0,0.0,ALLSKY_SFC_SW_DWN
9,5,750,0.0,0.0,0.0,0.0,ALLSKY_SFC_SW_DWN
9,6,750,64.65,44.705,77.87,15.114999999999995,ALLSKY_SFC_SW_DWN
9,7,750,193.99,134.595,241.3075,51.94499999999999,ALLSKY_SFC_SW_DWN
9,8,750,354.53499999999997,242.5675,438.985,96.20000000000002,ALLSKY_SFC_SW_DWN
9,9,750,514.0450000000001,372.84999999999997,617.58,117.51500000000001,ALLSKY_SFC_SW_DWN
9,10,750,632.19,467.43,742.255,131.015,ALLSKY_SFC_SW_DWN
9,11,750,676.415,499.5325,788.8675000000001,130.91000000000003,ALLSKY_SFC_SW_DWN
9,12,750,683.96,512.6675,785.4375,127.0,ALLSKY_SFC_SW_DWN
9,13,750,622.1500000000001,454.525,722.1324999999999,119.34999999999991,ALLSKY_SFC_SW_DWN
9,14,750,500.86,368.77,589.965,105.05000000000001,ALLSKY_SFC_SW_DWN
9,15,750,352.65999999999997,247.8375,416.21,79.89499999999998,ALLSKY_SFC_SW_DWN
9,16,750,174.125,126.5125,210.98,41.040000000000006,ALLSKY_SFC_SW_DWN
9,17,750,33.8,23.355,48.7675,11.839999999999998,ALLSKY_SFC_SW_DWN
9,18,750,0.0,0.0,0.0,0.0,ALLSKY_SFC_SW_DWN
9,19,750,0.0,0.0,0.0,0.0,ALLSKY_SFC_SW_DWN
9,20,750,0.0,0.0,0.0,0.0,ALLSKY_SFC_SW_DWN
9,21,750,0.0,0.0,0.0,0.0,ALLSKY_SFC_SW_DWN
9,22,750,0.0,0.0,0.0,0.0,ALLSKY_SFC_SW_DWN
9,23,750,0.0,0.0,0.0,0.0,ALLSKY_SFC_SW_DWN
10,0,775,0.0,0.0,0.0,0.0,ALLSKY_SFC_SW_DWN
10,1,775,0.0,0.0,0.0,0.0,ALLSKY_SFC_SW_DWN
10,2,775,0.0,0.0,0.0,0.0,ALLSKY_SFC_SW_DWN
10,3,775,0.0,0.0,0.0,0.0,ALLSKY_SFC_SW_DWN
10,4,775,0.0,0.0,0.0,0.0,ALLSKY_SFC_SW_DWN
10,5,775,0.0,0.0,0.0,0.0,ALLSKY_SFC_SW_DWN
10,6,775,40.85,27.15,53.89,13.450000000000003,ALLSKY_SFC_SW_DWN
10,7,775,160.05,109.89,216.02499999999998,52.629999999999995,ALLSKY_SFC_SW_DWN
10,8,775,309.98,194.72500000000002,412.69,108.32,ALLSKY_SFC_SW_DWN
10,9,775,459.7,300.585,585.56,138.42000000000002,ALLSKY_SFC_SW_DWN
10,10,775,572.42,396.625,687.31,141.75,ALLSKY_SFC_SW_DWN
10,11,775,591.7,406.46500000000003,719.965,150.8499999999999,ALLSKY_SFC_SW_DWN
10,12,775,581.53,407.865,706.06,141.09000000000003,ALLSKY_SFC_SW_DWN
10,13,775,499.38,353.42,617.79,127.5,ALLSKY_SFC_SW_DWN
10,14,775,383.65,271.135,482.24,108.29999999999995,ALLSKY_SFC_SW_DWN
10,15,775,235.18,167.66,302.48,67.39999999999998,ALLSKY_SFC_SW_DWN
10,16,775,95.88,69.375,128.45,28.849999999999994,ALLSKY_SFC_SW_DWN
10,17,775,6.62,3.9850000000000003,11.465,3.04,ALLSKY_SFC_SW_DWN
10,18,775,0.0,0.0,0.0,0.0,ALLSKY_SFC_SW_DWN
10,19,775,0.0,0.0,0.0,0.0,ALLSKY_SFC_SW_DWN
10,20,775,0.0,0.0,0.0,0.0,ALLSKY_SFC_SW_DWN
10,21,775,0.0,0.0,0.0,0.0,ALLSKY_SFC_SW_DWN
10,22,775,0.0,0.0,0.0,0.0,ALLSKY_SFC_SW_DWN
10,23,775,0.0,0.0,0.0,0.0,ALLSKY_SFC_SW_DWN
11,0,750,0.0,0.0,0.0,0.0,ALLSKY_SFC_SW_DWN
11,1,750,0.0,0.0,0.0,0.0,ALLSKY_SFC_SW_DWN
11,2,750,0.0,0.0,0.0,0.0,ALLSKY_SFC_SW_DWN
11,3,750,0.0,0.0,0.0,0.0,ALLSKY_SFC_SW_DWN
11,4,750,0.0,0.0,0.0,0.0,ALLSKY_SFC_SW_DWN
11,5,750,0.0,0.0,0.0,0.0,ALLSKY_SFC_SW_DWN
11,6,750,19.05,13.385000000000002,27.55,6.9,ALLSKY_SFC_SW_DWN
11,7,750,124.215,83.86,175.26500000000001,44.715,ALLSKY_SFC_SW_DWN
11,8,750,242.06,168.2225,353.1925,90.41,ALLSKY_SFC_SW_DWN
11,9,750,371.90999999999997,240.6925,530.5625,143.58000000000004,ALLSKY_SFC_SW_DWN
11,10,750,477.635,315.595,649.795,167.57999999999998,ALLSKY_SFC_SW_DWN
11,11,750,506.3,333.46,671.35,166.735,ALLSKY_SFC_SW_DWN
11,12,750,509.65999999999997,341.6725,661.5025,156.15500000000003,ALLSKY_SFC_SW_DWN
11,13,750,442.99,301.495,577.9375,138.66500000000002,ALLSKY_SFC_SW_DWN
11,14,750,343.0,214.4625,439.0775,108.825,ALLSKY_SFC_SW_DWN
11,15,750,197.875,130.02249999999998,259.23249999999996,66.265,ALLSKY_SFC_SW_DWN
11,16,750,70.025,44.802499999999995,88.94749999999999,21.075000000000003,ALLSKY_SFC_SW_DWN
11,17,750,0.0,0.0,0.0,0.0,ALLSKY_SFC_SW_DWN
11,18,750,0.0,0.0,0.0,0.0,ALLSKY_SFC_SW_DWN
11,19,750,0.0,0.0,0.0,0.0,ALLSKY_SFC_SW_DWN
11,20,750,0.0,0.0,0.0,0.0,ALLSKY_SFC_SW_DWN
11,21,750,0.0,0.0,0.0,0.0,ALLSKY_SFC_SW_DWN
11,22,750,0.0,0.0,0.0,0.0,ALLSKY_SFC_SW_DWN
11,23,750,0.0,0.0,0.0,0.0,ALLSKY_SFC_SW_DWN
12,0,775,0.0,0.0,0.0,0.0,ALLSKY_SFC_SW_DWN
12,1,775,0.0,0.0,0.0,0.0,ALLSKY_SFC_SW_DWN
12,2,775,0.0,0.0,0.0,0.0,ALLSKY_SFC_SW_DWN
12,3,775,0.0,0.0,0.0,0.0,ALLSKY_SFC_SW_DWN
12,4,775,0.0,0.0,0.0,0.0,ALLSKY_SFC_SW_DWN
12,5,775,0.0,0.0,0.0,0.0,ALLSKY_SFC_SW_DWN
12,6,775,5.22,3.41,7.7,2.0199999999999996,ALLSKY_SFC_SW_DWN
12,7,775,72.25,46.75,102.91,27.42,ALLSKY_SFC_SW_DWN
12,8,775,158.98,107.535,240.135,61.42999999999999,ALLSKY_SFC_SW_DWN
12,9,775,245.57,138.91,390.45,116.69,ALLSKY_SFC_SW_DWN
12,10,775,344.27,201.45,516.185,153.35000000000002,ALLSKY_SFC_SW_DWN
12,11,775,377.38,225.695,548.8900000000001,160.16999999999996,ALLSKY_SFC_SW_DWN
12,12,775,387.75,235.96499999999997,568.05,159.57,ALLSKY_SFC_SW_DWN
12,13,775,350.67,207.265,503.9,147.92000000000002,ALLSKY_SFC_SW_DWN
12,14,775,264.7,157.0,385.475,114.54999999999998,ALLSKY_SFC_SW_DWN
12,15,775,160.23,103.155,229.835,62.77999999999999,ALLSKY_SFC_SW_DWN
12,16,775,60.33,35.925,82.275,23.11,ALLSKY_SFC_SW_DWN
12,17,775,0.0,0.0,0.41,0.0,ALLSKY_SFC_SW_DWN
12,18,775,0.0,0.0,0.0,0.0,ALLSKY_SFC_SW_DWN
12,19,775,0.0,0.0,0.0,0.0,ALLSKY_SFC_SW_DWN
12,20,775,0.0,0.0,0.0,0.0,ALLSKY_SFC_SW_DWN
12,21,775,0.0,0.0,0.0,0.0,ALLSKY_SFC_SW_DWN
12,22,775,0.0,0.0,0.0,0.0,ALLSKY_SFC_SW_DWN
12,23,775,0.0,0.0,0.0,0.0,ALLSKY_SFC_SW_DWN
